BEGIN TRANSACTION;
CREATE TABLE "Scouting2016_match" ("id" integer NOT NULL PRIMARY KEY AUTOINCREMENT, "matchNumber" integer NOT NULL);
INSERT INTO "Scouting2016_match" VALUES(1,1);
INSERT INTO "Scouting2016_match" VALUES(2,2);
INSERT INTO "Scouting2016_match" VALUES(3,3);
INSERT INTO "Scouting2016_match" VALUES(4,4);
INSERT INTO "Scouting2016_match" VALUES(5,5);
INSERT INTO "Scouting2016_match" VALUES(6,43);
INSERT INTO "Scouting2016_match" VALUES(7,6);
INSERT INTO "Scouting2016_match" VALUES(8,7);
INSERT INTO "Scouting2016_match" VALUES(9,8);
INSERT INTO "Scouting2016_match" VALUES(10,9);
INSERT INTO "Scouting2016_match" VALUES(11,10);
INSERT INTO "Scouting2016_match" VALUES(12,11);
INSERT INTO "Scouting2016_match" VALUES(13,12);
INSERT INTO "Scouting2016_match" VALUES(14,13);
INSERT INTO "Scouting2016_match" VALUES(15,14);
INSERT INTO "Scouting2016_match" VALUES(16,15);
INSERT INTO "Scouting2016_match" VALUES(17,16);
INSERT INTO "Scouting2016_match" VALUES(18,17);
INSERT INTO "Scouting2016_match" VALUES(19,18);
INSERT INTO "Scouting2016_match" VALUES(20,19);
INSERT INTO "Scouting2016_match" VALUES(21,5240);
INSERT INTO "Scouting2016_match" VALUES(22,20);
INSERT INTO "Scouting2016_match" VALUES(23,21);
INSERT INTO "Scouting2016_match" VALUES(24,22);
INSERT INTO "Scouting2016_match" VALUES(25,23);
INSERT INTO "Scouting2016_match" VALUES(26,249);
INSERT INTO "Scouting2016_match" VALUES(27,24);
INSERT INTO "Scouting2016_match" VALUES(28,25);
INSERT INTO "Scouting2016_match" VALUES(29,26);
INSERT INTO "Scouting2016_match" VALUES(30,27);
INSERT INTO "Scouting2016_match" VALUES(31,28);
INSERT INTO "Scouting2016_match" VALUES(32,29);
INSERT INTO "Scouting2016_match" VALUES(33,30);
INSERT INTO "Scouting2016_match" VALUES(34,31);
INSERT INTO "Scouting2016_match" VALUES(35,32);
INSERT INTO "Scouting2016_match" VALUES(36,33);
INSERT INTO "Scouting2016_match" VALUES(37,34);
INSERT INTO "Scouting2016_match" VALUES(38,35);
INSERT INTO "Scouting2016_match" VALUES(39,36);
INSERT INTO "Scouting2016_match" VALUES(40,37);
INSERT INTO "Scouting2016_match" VALUES(41,38);
INSERT INTO "Scouting2016_match" VALUES(42,39);
INSERT INTO "Scouting2016_match" VALUES(43,40);
INSERT INTO "Scouting2016_match" VALUES(44,41);
INSERT INTO "Scouting2016_match" VALUES(45,42);
INSERT INTO "Scouting2016_match" VALUES(46,44);
INSERT INTO "Scouting2016_match" VALUES(47,45);
INSERT INTO "Scouting2016_match" VALUES(48,46);
INSERT INTO "Scouting2016_match" VALUES(49,47);
INSERT INTO "Scouting2016_match" VALUES(50,48);
INSERT INTO "Scouting2016_match" VALUES(51,49);
INSERT INTO "Scouting2016_match" VALUES(52,50);
INSERT INTO "Scouting2016_match" VALUES(53,51);
INSERT INTO "Scouting2016_match" VALUES(54,52);
INSERT INTO "Scouting2016_match" VALUES(55,53);
INSERT INTO "Scouting2016_match" VALUES(56,54);
INSERT INTO "Scouting2016_match" VALUES(57,55);
INSERT INTO "Scouting2016_match" VALUES(58,56);
INSERT INTO "Scouting2016_match" VALUES(59,57);
INSERT INTO "Scouting2016_match" VALUES(60,58);
INSERT INTO "Scouting2016_match" VALUES(61,59);
INSERT INTO "Scouting2016_match" VALUES(62,60);
INSERT INTO "Scouting2016_match" VALUES(63,61);
CREATE TABLE "Scouting2016_officialmatch" ("id" integer NOT NULL PRIMARY KEY AUTOINCREMENT, "matchNumber" integer NOT NULL, "hasOfficialData" bool NOT NULL, "redAutoBouldersLow" integer NOT NULL, "redAutoBouldersHigh" integer NOT NULL, "redTeleBouldersLow" integer NOT NULL, "redTeleBouldersHigh" integer NOT NULL, "redDefense1Crossings" integer NOT NULL, "redDefense2Name" varchar(20) NOT NULL, "redDefense2Crossings" integer NOT NULL, "redDefense3Name" varchar(20) NOT NULL, "redDefense3Crossings" integer NOT NULL, "redDefense4Name" varchar(20) NOT NULL, "redDefense4Crossings" integer NOT NULL, "redDefense5Name" varchar(20) NOT NULL, "redDefense5Crossings" integer NOT NULL, "redTowerFaceA" varchar(20) NOT NULL, "redTowerFaceB" varchar(20) NOT NULL, "redTowerFaceC" varchar(20) NOT NULL, "redFouls" integer NOT NULL, "redTechFouls" integer NOT NULL, "blueAutoBouldersLow" integer NOT NULL, "blueAutoBouldersHigh" integer NOT NULL, "blueTeleBouldersLow" integer NOT NULL, "blueTeleBouldersHigh" integer NOT NULL, "blueDefense1Crossings" integer NOT NULL, "blueDefense2Name" varchar(20) NOT NULL, "blueDefense2Crossings" integer NOT NULL, "blueDefense3Name" varchar(20) NOT NULL, "blueDefense3Crossings" integer NOT NULL, "blueDefense4Name" varchar(20) NOT NULL, "blueDefense4Crossings" integer NOT NULL, "blueDefense5Name" varchar(20) NOT NULL, "blueDefense5Crossings" integer NOT NULL, "blueTowerFaceA" varchar(20) NOT NULL, "blueTowerFaceB" varchar(20) NOT NULL, "blueTowerFaceC" varchar(20) NOT NULL, "blueFouls" integer NOT NULL, "blueTechFouls" integer NOT NULL, "audienceSelectionCategory" varchar(1) NOT NULL, "blueTeam1_id" integer NOT NULL REFERENCES "Scouting2016_team" ("id"), "blueTeam2_id" integer NOT NULL REFERENCES "Scouting2016_team" ("id"), "blueTeam3_id" integer NOT NULL REFERENCES "Scouting2016_team" ("id"), "redTeam1_id" integer NOT NULL REFERENCES "Scouting2016_team" ("id"), "redTeam2_id" integer NOT NULL REFERENCES "Scouting2016_team" ("id"), "redTeam3_id" integer NOT NULL REFERENCES "Scouting2016_team" ("id"), "blueTeleDefenseCrossings" integer NOT NULL, "redTeleDefenseCrossings" integer NOT NULL, "redAutonA" varchar(20) NOT NULL, "redAutonB" varchar(20) NOT NULL, "redAutonC" varchar(20) NOT NULL, "blueAutonA" varchar(20) NOT NULL, "blueAutonB" varchar(20) NOT NULL, "blueAutonC" varchar(20) NOT NULL);
INSERT INTO "Scouting2016_officialmatch" VALUES(1,1,0,0,0,1,3,2,'rock_wall',2,'ramparts',2,'cheval_de_frise',2,'sally_port',2,'Challenged','Challenged','None',0,0,0,0,1,0,2,'sally_port',2,'ramparts',2,'rock_wall',2,'cheval_de_frise',0,'Challenged','Challenged','Challenged',0,1,'B',19,21,30,34,45,48,7,9,'None','None','Crossed','Reached','Reached','Crossed');
INSERT INTO "Scouting2016_officialmatch" VALUES(2,2,0,0,0,10,0,2,'rock_wall',2,'ramparts',2,'cheval_de_frise',2,'draw_bridge',0,'Challenged','Challenged','Challenged',0,0,0,0,3,0,2,'sally_port',2,'ramparts',2,'cheval_de_frise',2,'rock_wall',2,'Challenged','Challenged','Challenged',1,0,'B',38,32,12,11,43,44,9,6,'Crossed','Crossed','None','Reached','Reached','Crossed');
INSERT INTO "Scouting2016_officialmatch" VALUES(3,3,0,0,0,4,0,2,'cheval_de_frise',2,'ramparts',2,'sally_port',2,'rock_wall',2,'Challenged','Challenged','Challenged',1,0,0,0,2,1,2,'portcullis',2,'ramparts',2,'sally_port',0,'rough_terrain',2,'Challenged','Challenged','Challenged',0,0,'B',39,26,5,14,23,9,5,8,'Crossed','None','Crossed','Crossed','Crossed','Crossed');
INSERT INTO "Scouting2016_officialmatch" VALUES(4,4,0,0,0,4,5,2,'portcullis',2,'ramparts',2,'rock_wall',2,'sally_port',2,'Challenged','Challenged','Unknown',0,0,0,0,4,2,2,'cheval_de_frise',2,'ramparts',2,'rock_wall',2,'sally_port',0,'Unknown','Unknown','Unknown',0,0,'B',50,4,24,6,16,31,6,9,'Crossed','None','None','Crossed','Crossed','None');
INSERT INTO "Scouting2016_officialmatch" VALUES(5,5,0,0,0,2,0,2,'cheval_de_frise',2,'ramparts',2,'rock_wall',2,'sally_port',2,'Challenged','Challenged','Challenged',0,0,0,0,5,1,2,'rock_wall',2,'ramparts',2,'sally_port',0,'cheval_de_frise',2,'Challenged','Challenged','Challenged',0,0,'B',27,1,17,22,10,29,5,8,'Reached','Crossed','Crossed','Crossed','Crossed','Crossed');
INSERT INTO "Scouting2016_officialmatch" VALUES(6,6,0,0,0,2,0,2,'draw_bridge',1,'ramparts',2,'cheval_de_frise',2,'rough_terrain',2,'Challenged','Challenged','Challenged',0,1,0,0,2,0,2,'cheval_de_frise',0,'ramparts',2,'rough_terrain',2,'sally_port',2,'Challenged','Challenged','None',0,0,'B',42,40,41,25,15,13,7,9,'Reached','Reached','None','Crossed','Reached','None');
INSERT INTO "Scouting2016_officialmatch" VALUES(7,7,0,0,1,6,3,2,'rock_wall',2,'ramparts',2,'portcullis',2,'sally_port',2,'Challenged','Challenged','Challenged',0,0,0,0,0,0,1,'cheval_de_frise',0,'ramparts',2,'rock_wall',1,'sally_port',0,'Challenged','Challenged','Unknown',0,0,'B',49,2,36,7,37,35,4,8,'Crossed','Crossed','None','Reached','None','None');
INSERT INTO "Scouting2016_officialmatch" VALUES(8,8,0,0,0,2,5,2,'draw_bridge',0,'ramparts',2,'rock_wall',2,'cheval_de_frise',2,'Challenged','Challenged','Challenged',0,0,0,0,1,2,2,'portcullis',2,'ramparts',2,'rock_wall',2,'sally_port',0,'Challenged','Scaled','Challenged',2,0,'B',3,33,20,28,18,46,6,6,'Crossed','Crossed','None','None','Crossed','Crossed');
INSERT INTO "Scouting2016_officialmatch" VALUES(9,9,0,0,0,5,0,2,'portcullis',2,'sally_port',1,'rock_wall',2,'moat',1,'Challenged','None','None',0,0,0,0,3,0,2,'cheval_de_frise',2,'sally_port',0,'ramparts',2,'rock_wall',2,'Challenged','Scaled','Challenged',1,1,'C',21,4,11,8,24,27,6,6,'Crossed','Crossed','None','Crossed','Reached','Crossed');
INSERT INTO "Scouting2016_officialmatch" VALUES(10,10,0,0,0,7,0,2,'portcullis',2,'sally_port',2,'ramparts',2,'rock_wall',2,'Challenged','Challenged','Challenged',2,0,0,0,1,0,2,'rock_wall',2,'sally_port',1,'cheval_de_frise',0,'ramparts',2,'Challenged','Challenged','Challenged',0,0,'C',48,25,42,29,23,50,5,8,'None','Crossed','Crossed','None','Crossed','Crossed');
INSERT INTO "Scouting2016_officialmatch" VALUES(11,11,0,0,0,0,3,2,'portcullis',0,'sally_port',2,'rough_terrain',2,'moat',2,'Challenged','None','None',0,0,0,0,6,0,2,'ramparts',2,'sally_port',0,'rock_wall',0,'portcullis',2,'None','Challenged','Challenged',0,0,'C',19,13,22,2,26,15,6,6,'None','Crossed','Crossed','None','Reached','Reached');
INSERT INTO "Scouting2016_officialmatch" VALUES(12,12,0,0,0,5,1,2,'cheval_de_frise',2,'sally_port',2,'rock_wall',2,'ramparts',2,'None','Unknown','Challenged',0,0,0,0,7,0,2,'cheval_de_frise',2,'sally_port',0,'ramparts',2,'rock_wall',2,'Challenged','Challenged','Challenged',0,0,'C',9,17,39,34,44,38,6,7,'Crossed','Crossed','Crossed','Crossed','Reached','Crossed');
INSERT INTO "Scouting2016_officialmatch" VALUES(13,13,0,0,1,7,0,2,'cheval_de_frise',2,'sally_port',1,'ramparts',2,'rock_wall',2,'Challenged','Challenged','Challenged',1,1,0,1,3,5,2,'cheval_de_frise',2,'sally_port',1,'ramparts',2,'rock_wall',2,'Challenged','Challenged','Challenged',0,1,'C',46,8,16,40,7,32,7,8,'Crossed','Reached','None','Crossed','Crossed','None');
INSERT INTO "Scouting2016_officialmatch" VALUES(14,14,0,0,0,5,0,2,'rock_wall',2,'sally_port',0,'moat',2,'portcullis',2,'Challenged','Challenged','None',0,0,0,1,1,2,2,'cheval_de_frise',2,'sally_port',2,'moat',2,'rock_wall',2,'Challenged','Challenged','Challenged',0,0,'C',6,35,28,1,43,18,8,6,'Crossed','Crossed','None','None','Crossed','Crossed');
INSERT INTO "Scouting2016_officialmatch" VALUES(15,15,0,0,1,2,3,2,'cheval_de_frise',2,'sally_port',1,'ramparts',2,'rock_wall',2,'Challenged','None','Unknown',2,0,0,0,2,3,2,'rough_terrain',2,'sally_port',0,'ramparts',2,'cheval_de_frise',2,'Challenged','Challenged','Challenged',2,0,'C',12,5,30,31,41,36,6,7,'Crossed','Crossed','None','None','Crossed','Crossed');
INSERT INTO "Scouting2016_officialmatch" VALUES(16,16,0,0,0,7,0,2,'cheval_de_frise',2,'sally_port',0,'rock_wall',2,'ramparts',1,'None','Scaled','Unknown',0,1,0,0,10,1,2,'portcullis',2,'sally_port',2,'rock_wall',2,'ramparts',2,'None','Challenged','Challenged',0,0,'C',20,10,45,37,49,14,8,5,'Crossed','Crossed','Reached','Crossed','Crossed','Reached');
INSERT INTO "Scouting2016_officialmatch" VALUES(17,17,0,0,0,5,3,2,'draw_bridge',0,'rock_wall',2,'portcullis',2,'ramparts',2,'Challenged','Challenged','Challenged',0,0,0,1,2,3,2,'moat',2,'rock_wall',2,'cheval_de_frise',2,'sally_port',0,'Challenged','Challenged','Challenged',0,0,'D',3,26,13,33,16,27,6,7,'Crossed','Reached','None','Reached','Crossed','Crossed');
INSERT INTO "Scouting2016_officialmatch" VALUES(18,18,0,0,1,3,4,2,'sally_port',2,'rock_wall',2,'cheval_de_frise',2,'ramparts',2,'Challenged','Challenged','Challenged',0,0,0,0,5,3,2,'cheval_de_frise',2,'rock_wall',2,'ramparts',2,'sally_port',2,'Challenged','Challenged','Challenged',1,0,'D',11,6,34,7,46,22,8,9,'Reached','Crossed','None','None','Crossed','Crossed');
INSERT INTO "Scouting2016_officialmatch" VALUES(19,19,0,0,0,2,0,2,'portcullis',2,'rock_wall',1,'moat',1,'sally_port',2,'Challenged','None','Challenged',0,0,0,0,5,0,2,'portcullis',0,'rock_wall',2,'draw_bridge',0,'moat',2,'Challenged','Challenged','None',0,0,'D',41,43,4,23,40,2,5,7,'None','None','Crossed','Crossed','Reached','None');
INSERT INTO "Scouting2016_officialmatch" VALUES(20,20,0,0,0,4,1,2,'sally_port',0,'rock_wall',2,'ramparts',2,'portcullis',2,'Challenged','Challenged','Challenged',0,0,0,0,0,5,2,'sally_port',2,'rock_wall',2,'ramparts',0,'cheval_de_frise',2,'Challenged','None','Unknown',0,0,'D',30,35,50,5,21,10,6,6,'Crossed','Reached','Crossed','Crossed','Crossed','Reached');
INSERT INTO "Scouting2016_officialmatch" VALUES(21,21,0,0,0,2,1,2,'portcullis',1,'rock_wall',2,'ramparts',2,'sally_port',2,'Challenged','Scaled','None',1,0,0,0,0,0,0,'sally_port',0,'rock_wall',1,'ramparts',2,'portcullis',0,'None','Challenged','Unknown',1,0,'D',28,49,24,42,44,15,2,7,'Crossed','Crossed','None','Crossed','Reached','None');
INSERT INTO "Scouting2016_officialmatch" VALUES(22,22,0,0,0,7,0,2,'sally_port',0,'rock_wall',2,'moat',2,'portcullis',0,'Challenged','Challenged','Challenged',0,0,0,0,5,0,2,'cheval_de_frise',2,'rock_wall',2,'sally_port',0,'ramparts',2,'Challenged','Challenged','Unknown',2,0,'D',14,39,8,12,25,3,6,4,'Crossed','Crossed','None','Crossed','Crossed','Reached');
INSERT INTO "Scouting2016_officialmatch" VALUES(23,23,0,0,0,4,2,2,'sally_port',0,'rock_wall',2,'cheval_de_frise',2,'moat',2,'Challenged','Challenged','None',0,0,0,1,4,5,2,'draw_bridge',0,'rock_wall',2,'moat',2,'portcullis',2,'Challenged','Challenged','Challenged',1,0,'D',31,32,17,48,9,33,5,7,'Crossed','None','None','Crossed','Crossed','Crossed');
INSERT INTO "Scouting2016_officialmatch" VALUES(24,24,0,-1,-1,-1,-1,-1,'Unspecified',-1,'Unspecified',-1,'Unspecified',-1,'Unspecified',-1,'none','none','none',-1,-1,-1,-1,-1,-1,-1,'Unspecified',-1,'Unspecified',-1,'Unspecified',-1,'Unspecified',-1,'none','none','none',-1,-1,'D',37,45,19,29,18,38,-1,-1,'None','None','None','None','None','None');
INSERT INTO "Scouting2016_officialmatch" VALUES(25,25,0,-1,-1,-1,-1,-1,'Unspecified',-1,'Unspecified',-1,'Unspecified',-1,'Unspecified',-1,'none','none','none',-1,-1,-1,-1,-1,-1,-1,'Unspecified',-1,'Unspecified',-1,'Unspecified',-1,'Unspecified',-1,'none','none','none',-1,-1,'A',1,13,7,20,36,15,-1,-1,'None','None','None','None','None','None');
INSERT INTO "Scouting2016_officialmatch" VALUES(26,26,0,-1,-1,-1,-1,-1,'Unspecified',-1,'Unspecified',-1,'Unspecified',-1,'Unspecified',-1,'none','none','none',-1,-1,-1,-1,-1,-1,-1,'Unspecified',-1,'Unspecified',-1,'Unspecified',-1,'Unspecified',-1,'none','none','none',-1,-1,'A',50,6,26,39,11,41,-1,-1,'None','None','None','None','None','None');
INSERT INTO "Scouting2016_officialmatch" VALUES(27,27,0,-1,-1,-1,-1,-1,'Unspecified',-1,'Unspecified',-1,'Unspecified',-1,'Unspecified',-1,'none','none','none',-1,-1,-1,-1,-1,-1,-1,'Unspecified',-1,'Unspecified',-1,'Unspecified',-1,'Unspecified',-1,'none','none','none',-1,-1,'A',42,43,46,30,16,17,-1,-1,'None','None','None','None','None','None');
INSERT INTO "Scouting2016_officialmatch" VALUES(28,28,0,-1,-1,-1,-1,-1,'Unspecified',-1,'Unspecified',-1,'Unspecified',-1,'Unspecified',-1,'none','none','none',-1,-1,-1,-1,-1,-1,-1,'Unspecified',-1,'Unspecified',-1,'Unspecified',-1,'Unspecified',-1,'none','none','none',-1,-1,'A',27,19,28,23,37,32,-1,-1,'None','None','None','None','None','None');
INSERT INTO "Scouting2016_officialmatch" VALUES(29,29,0,-1,-1,-1,-1,-1,'Unspecified',-1,'Unspecified',-1,'Unspecified',-1,'Unspecified',-1,'none','none','none',-1,-1,-1,-1,-1,-1,-1,'Unspecified',-1,'Unspecified',-1,'Unspecified',-1,'Unspecified',-1,'none','none','none',-1,-1,'A',48,2,18,5,14,24,-1,-1,'None','None','None','None','None','None');
INSERT INTO "Scouting2016_officialmatch" VALUES(30,30,0,-1,-1,-1,-1,-1,'Unspecified',-1,'Unspecified',-1,'Unspecified',-1,'Unspecified',-1,'none','none','none',-1,-1,-1,-1,-1,-1,-1,'Unspecified',-1,'Unspecified',-1,'Unspecified',-1,'Unspecified',-1,'none','none','none',-1,-1,'A',29,21,40,22,44,36,-1,-1,'None','None','None','None','None','None');
INSERT INTO "Scouting2016_officialmatch" VALUES(31,31,0,-1,-1,-1,-1,-1,'Unspecified',-1,'Unspecified',-1,'Unspecified',-1,'Unspecified',-1,'none','none','none',-1,-1,-1,-1,-1,-1,-1,'Unspecified',-1,'Unspecified',-1,'Unspecified',-1,'Unspecified',-1,'none','none','none',-1,-1,'A',10,34,49,31,8,12,-1,-1,'None','None','None','None','None','None');
INSERT INTO "Scouting2016_officialmatch" VALUES(32,32,0,-1,-1,-1,-1,-1,'Unspecified',-1,'Unspecified',-1,'Unspecified',-1,'Unspecified',-1,'none','none','none',-1,-1,-1,-1,-1,-1,-1,'Unspecified',-1,'Unspecified',-1,'Unspecified',-1,'Unspecified',-1,'none','none','none',-1,-1,'A',3,9,45,4,35,1,-1,-1,'None','None','None','None','None','None');
INSERT INTO "Scouting2016_officialmatch" VALUES(33,33,0,-1,-1,-1,-1,-1,'Unspecified',-1,'Unspecified',-1,'Unspecified',-1,'Unspecified',-1,'none','none','none',-1,-1,-1,-1,-1,-1,-1,'Unspecified',-1,'Unspecified',-1,'Unspecified',-1,'Unspecified',-1,'none','none','none',-1,-1,'B',20,38,30,33,25,24,-1,-1,'None','None','None','None','None','None');
INSERT INTO "Scouting2016_officialmatch" VALUES(34,34,0,-1,-1,-1,-1,-1,'Unspecified',-1,'Unspecified',-1,'Unspecified',-1,'Unspecified',-1,'none','none','none',-1,-1,-1,-1,-1,-1,-1,'Unspecified',-1,'Unspecified',-1,'Unspecified',-1,'Unspecified',-1,'none','none','none',-1,-1,'B',16,41,14,46,36,19,-1,-1,'None','None','None','None','None','None');
INSERT INTO "Scouting2016_officialmatch" VALUES(35,35,0,-1,-1,-1,-1,-1,'Unspecified',-1,'Unspecified',-1,'Unspecified',-1,'Unspecified',-1,'none','none','none',-1,-1,-1,-1,-1,-1,-1,'Unspecified',-1,'Unspecified',-1,'Unspecified',-1,'Unspecified',-1,'none','none','none',-1,-1,'B',39,7,12,21,18,22,-1,-1,'None','None','None','None','None','None');
INSERT INTO "Scouting2016_officialmatch" VALUES(36,36,0,-1,-1,-1,-1,-1,'Unspecified',-1,'Unspecified',-1,'Unspecified',-1,'Unspecified',-1,'none','none','none',-1,-1,-1,-1,-1,-1,-1,'Unspecified',-1,'Unspecified',-1,'Unspecified',-1,'Unspecified',-1,'none','none','none',-1,-1,'B',2,3,11,9,42,10,-1,-1,'None','None','None','None','None','None');
INSERT INTO "Scouting2016_officialmatch" VALUES(37,37,0,-1,-1,-1,-1,-1,'Unspecified',-1,'Unspecified',-1,'Unspecified',-1,'Unspecified',-1,'none','none','none',-1,-1,-1,-1,-1,-1,-1,'Unspecified',-1,'Unspecified',-1,'Unspecified',-1,'Unspecified',-1,'none','none','none',-1,-1,'B',25,27,40,31,35,49,-1,-1,'None','None','None','None','None','None');
INSERT INTO "Scouting2016_officialmatch" VALUES(38,38,0,-1,-1,-1,-1,-1,'Unspecified',-1,'Unspecified',-1,'Unspecified',-1,'Unspecified',-1,'none','none','none',-1,-1,-1,-1,-1,-1,-1,'Unspecified',-1,'Unspecified',-1,'Unspecified',-1,'Unspecified',-1,'none','none','none',-1,-1,'B',20,29,4,34,32,15,-1,-1,'None','None','None','None','None','None');
INSERT INTO "Scouting2016_officialmatch" VALUES(39,39,0,-1,-1,-1,-1,-1,'Unspecified',-1,'Unspecified',-1,'Unspecified',-1,'Unspecified',-1,'none','none','none',-1,-1,-1,-1,-1,-1,-1,'Unspecified',-1,'Unspecified',-1,'Unspecified',-1,'Unspecified',-1,'none','none','none',-1,-1,'B',8,26,33,37,43,48,-1,-1,'None','None','None','None','None','None');
INSERT INTO "Scouting2016_officialmatch" VALUES(40,40,0,-1,-1,-1,-1,-1,'Unspecified',-1,'Unspecified',-1,'Unspecified',-1,'Unspecified',-1,'none','none','none',-1,-1,-1,-1,-1,-1,-1,'Unspecified',-1,'Unspecified',-1,'Unspecified',-1,'Unspecified',-1,'none','none','none',-1,-1,'B',17,13,45,5,28,50,-1,-1,'None','None','None','None','None','None');
INSERT INTO "Scouting2016_officialmatch" VALUES(41,41,0,-1,-1,-1,-1,-1,'Unspecified',-1,'Unspecified',-1,'Unspecified',-1,'Unspecified',-1,'none','none','none',-1,-1,-1,-1,-1,-1,-1,'Unspecified',-1,'Unspecified',-1,'Unspecified',-1,'Unspecified',-1,'none','none','none',-1,-1,'C',6,44,18,23,1,38,-1,-1,'None','None','None','None','None','None');
INSERT INTO "Scouting2016_officialmatch" VALUES(42,42,0,-1,-1,-1,-1,-1,'Unspecified',-1,'Unspecified',-1,'Unspecified',-1,'Unspecified',-1,'none','none','none',-1,-1,-1,-1,-1,-1,-1,'Unspecified',-1,'Unspecified',-1,'Unspecified',-1,'Unspecified',-1,'none','none','none',-1,-1,'C',7,10,11,4,25,19,-1,-1,'None','None','None','None','None','None');
INSERT INTO "Scouting2016_officialmatch" VALUES(43,43,0,-1,-1,-1,-1,-1,'Unspecified',-1,'Unspecified',-1,'Unspecified',-1,'Unspecified',-1,'none','none','none',-1,-1,-1,-1,-1,-1,-1,'Unspecified',-1,'Unspecified',-1,'Unspecified',-1,'Unspecified',-1,'none','none','none',-1,-1,'C',24,46,12,9,27,29,-1,-1,'None','None','None','None','None','None');
INSERT INTO "Scouting2016_officialmatch" VALUES(44,44,0,-1,-1,-1,-1,-1,'Unspecified',-1,'Unspecified',-1,'Unspecified',-1,'Unspecified',-1,'none','none','none',-1,-1,-1,-1,-1,-1,-1,'Unspecified',-1,'Unspecified',-1,'Unspecified',-1,'Unspecified',-1,'none','none','none',-1,-1,'C',34,17,42,45,40,26,-1,-1,'None','None','None','None','None','None');
INSERT INTO "Scouting2016_officialmatch" VALUES(45,45,0,-1,-1,-1,-1,-1,'Unspecified',-1,'Unspecified',-1,'Unspecified',-1,'Unspecified',-1,'none','none','none',-1,-1,-1,-1,-1,-1,-1,'Unspecified',-1,'Unspecified',-1,'Unspecified',-1,'Unspecified',-1,'none','none','none',-1,-1,'C',16,50,44,37,5,15,-1,-1,'None','None','None','None','None','None');
INSERT INTO "Scouting2016_officialmatch" VALUES(46,46,0,-1,-1,-1,-1,-1,'Unspecified',-1,'Unspecified',-1,'Unspecified',-1,'Unspecified',-1,'none','none','none',-1,-1,-1,-1,-1,-1,-1,'Unspecified',-1,'Unspecified',-1,'Unspecified',-1,'Unspecified',-1,'none','none','none',-1,-1,'C',28,22,38,35,41,48,-1,-1,'None','None','None','None','None','None');
INSERT INTO "Scouting2016_officialmatch" VALUES(47,47,0,-1,-1,-1,-1,-1,'Unspecified',-1,'Unspecified',-1,'Unspecified',-1,'Unspecified',-1,'none','none','none',-1,-1,-1,-1,-1,-1,-1,'Unspecified',-1,'Unspecified',-1,'Unspecified',-1,'Unspecified',-1,'none','none','none',-1,-1,'C',33,31,43,20,21,14,-1,-1,'None','None','None','None','None','None');
INSERT INTO "Scouting2016_officialmatch" VALUES(48,48,0,-1,-1,-1,-1,-1,'Unspecified',-1,'Unspecified',-1,'Unspecified',-1,'Unspecified',-1,'none','none','none',-1,-1,-1,-1,-1,-1,-1,'Unspecified',-1,'Unspecified',-1,'Unspecified',-1,'Unspecified',-1,'none','none','none',-1,-1,'C',36,6,23,8,3,49,-1,-1,'None','None','None','None','None','None');
INSERT INTO "Scouting2016_officialmatch" VALUES(49,49,0,-1,-1,-1,-1,-1,'Unspecified',-1,'Unspecified',-1,'Unspecified',-1,'Unspecified',-1,'none','none','none',-1,-1,-1,-1,-1,-1,-1,'Unspecified',-1,'Unspecified',-1,'Unspecified',-1,'Unspecified',-1,'none','none','none',-1,-1,'D',39,13,2,32,30,1,-1,-1,'None','None','None','None','None','None');
INSERT INTO "Scouting2016_officialmatch" VALUES(50,50,0,-1,-1,-1,-1,-1,'Unspecified',-1,'Unspecified',-1,'Unspecified',-1,'Unspecified',-1,'none','none','none',-1,-1,-1,-1,-1,-1,-1,'Unspecified',-1,'Unspecified',-1,'Unspecified',-1,'Unspecified',-1,'none','none','none',-1,-1,'D',38,16,40,10,28,12,-1,-1,'None','None','None','None','None','None');
INSERT INTO "Scouting2016_officialmatch" VALUES(51,51,0,-1,-1,-1,-1,-1,'Unspecified',-1,'Unspecified',-1,'Unspecified',-1,'Unspecified',-1,'none','none','none',-1,-1,-1,-1,-1,-1,-1,'Unspecified',-1,'Unspecified',-1,'Unspecified',-1,'Unspecified',-1,'none','none','none',-1,-1,'D',43,14,17,42,7,27,-1,-1,'None','None','None','None','None','None');
INSERT INTO "Scouting2016_officialmatch" VALUES(52,52,0,-1,-1,-1,-1,-1,'Unspecified',-1,'Unspecified',-1,'Unspecified',-1,'Unspecified',-1,'none','none','none',-1,-1,-1,-1,-1,-1,-1,'Unspecified',-1,'Unspecified',-1,'Unspecified',-1,'Unspecified',-1,'none','none','none',-1,-1,'D',15,23,18,11,31,45,-1,-1,'None','None','None','None','None','None');
INSERT INTO "Scouting2016_officialmatch" VALUES(53,53,0,-1,-1,-1,-1,-1,'Unspecified',-1,'Unspecified',-1,'Unspecified',-1,'Unspecified',-1,'none','none','none',-1,-1,-1,-1,-1,-1,-1,'Unspecified',-1,'Unspecified',-1,'Unspecified',-1,'Unspecified',-1,'none','none','none',-1,-1,'D',29,19,49,33,30,39,-1,-1,'None','None','None','None','None','None');
INSERT INTO "Scouting2016_officialmatch" VALUES(54,54,0,-1,-1,-1,-1,-1,'Unspecified',-1,'Unspecified',-1,'Unspecified',-1,'Unspecified',-1,'none','none','none',-1,-1,-1,-1,-1,-1,-1,'Unspecified',-1,'Unspecified',-1,'Unspecified',-1,'Unspecified',-1,'none','none','none',-1,-1,'D',46,35,5,1,26,24,-1,-1,'None','None','None','None','None','None');
INSERT INTO "Scouting2016_officialmatch" VALUES(55,55,0,-1,-1,-1,-1,-1,'Unspecified',-1,'Unspecified',-1,'Unspecified',-1,'Unspecified',-1,'none','none','none',-1,-1,-1,-1,-1,-1,-1,'Unspecified',-1,'Unspecified',-1,'Unspecified',-1,'Unspecified',-1,'none','none','none',-1,-1,'D',25,36,37,4,48,22,-1,-1,'None','None','None','None','None','None');
INSERT INTO "Scouting2016_officialmatch" VALUES(56,56,0,-1,-1,-1,-1,-1,'Unspecified',-1,'Unspecified',-1,'Unspecified',-1,'Unspecified',-1,'none','none','none',-1,-1,-1,-1,-1,-1,-1,'Unspecified',-1,'Unspecified',-1,'Unspecified',-1,'Unspecified',-1,'none','none','none',-1,-1,'D',8,6,21,9,20,13,-1,-1,'None','None','None','None','None','None');
INSERT INTO "Scouting2016_officialmatch" VALUES(57,57,0,-1,-1,-1,-1,-1,'Unspecified',-1,'Unspecified',-1,'Unspecified',-1,'Unspecified',-1,'none','none','none',-1,-1,-1,-1,-1,-1,-1,'Unspecified',-1,'Unspecified',-1,'Unspecified',-1,'Unspecified',-1,'none','none','none',-1,-1,'A',41,44,32,50,3,34,-1,-1,'None','None','None','None','None','None');
INSERT INTO "Scouting2016_officialmatch" VALUES(58,58,0,-1,-1,-1,-1,-1,'Unspecified',-1,'Unspecified',-1,'Unspecified',-1,'Unspecified',-1,'none','none','none',-1,-1,-1,-1,-1,-1,-1,'Unspecified',-1,'Unspecified',-1,'Unspecified',-1,'Unspecified',-1,'none','none','none',-1,-1,'A',11,15,12,2,35,17,-1,-1,'None','None','None','None','None','None');
INSERT INTO "Scouting2016_officialmatch" VALUES(59,59,0,-1,-1,-1,-1,-1,'Unspecified',-1,'Unspecified',-1,'Unspecified',-1,'Unspecified',-1,'none','none','none',-1,-1,-1,-1,-1,-1,-1,'Unspecified',-1,'Unspecified',-1,'Unspecified',-1,'Unspecified',-1,'none','none','none',-1,-1,'A',24,36,42,39,43,10,-1,-1,'None','None','None','None','None','None');
INSERT INTO "Scouting2016_officialmatch" VALUES(60,60,0,-1,-1,-1,-1,-1,'Unspecified',-1,'Unspecified',-1,'Unspecified',-1,'Unspecified',-1,'none','none','none',-1,-1,-1,-1,-1,-1,-1,'Unspecified',-1,'Unspecified',-1,'Unspecified',-1,'Unspecified',-1,'none','none','none',-1,-1,'A',27,31,26,38,7,19,-1,-1,'None','None','None','None','None','None');
INSERT INTO "Scouting2016_officialmatch" VALUES(61,61,0,-1,-1,-1,-1,-1,'Unspecified',-1,'Unspecified',-1,'Unspecified',-1,'Unspecified',-1,'none','none','none',-1,-1,-1,-1,-1,-1,-1,'Unspecified',-1,'Unspecified',-1,'Unspecified',-1,'Unspecified',-1,'none','none','none',-1,-1,'A',30,9,37,40,3,18,-1,-1,'None','None','None','None','None','None');
INSERT INTO "Scouting2016_officialmatch" VALUES(62,62,0,-1,-1,-1,-1,-1,'Unspecified',-1,'Unspecified',-1,'Unspecified',-1,'Unspecified',-1,'none','none','none',-1,-1,-1,-1,-1,-1,-1,'Unspecified',-1,'Unspecified',-1,'Unspecified',-1,'Unspecified',-1,'none','none','none',-1,-1,'A',20,1,49,21,41,50,-1,-1,'None','None','None','None','None','None');
INSERT INTO "Scouting2016_officialmatch" VALUES(63,63,0,-1,-1,-1,-1,-1,'Unspecified',-1,'Unspecified',-1,'Unspecified',-1,'Unspecified',-1,'none','none','none',-1,-1,-1,-1,-1,-1,-1,'Unspecified',-1,'Unspecified',-1,'Unspecified',-1,'Unspecified',-1,'none','none','none',-1,-1,'A',16,23,28,34,2,29,-1,-1,'None','None','None','None','None','None');
INSERT INTO "Scouting2016_officialmatch" VALUES(64,64,0,-1,-1,-1,-1,-1,'Unspecified',-1,'Unspecified',-1,'Unspecified',-1,'Unspecified',-1,'none','none','none',-1,-1,-1,-1,-1,-1,-1,'Unspecified',-1,'Unspecified',-1,'Unspecified',-1,'Unspecified',-1,'none','none','none',-1,-1,'A',13,48,14,4,46,44,-1,-1,'None','None','None','None','None','None');
INSERT INTO "Scouting2016_officialmatch" VALUES(65,65,0,-1,-1,-1,-1,-1,'Unspecified',-1,'Unspecified',-1,'Unspecified',-1,'Unspecified',-1,'none','none','none',-1,-1,-1,-1,-1,-1,-1,'Unspecified',-1,'Unspecified',-1,'Unspecified',-1,'Unspecified',-1,'none','none','none',-1,-1,'B',32,33,5,22,6,25,-1,-1,'None','None','None','None','None','None');
INSERT INTO "Scouting2016_officialmatch" VALUES(66,66,0,-1,-1,-1,-1,-1,'Unspecified',-1,'Unspecified',-1,'Unspecified',-1,'Unspecified',-1,'none','none','none',-1,-1,-1,-1,-1,-1,-1,'Unspecified',-1,'Unspecified',-1,'Unspecified',-1,'Unspecified',-1,'none','none','none',-1,-1,'B',8,7,36,45,50,38,-1,-1,'None','None','None','None','None','None');
INSERT INTO "Scouting2016_officialmatch" VALUES(67,67,0,-1,-1,-1,-1,-1,'Unspecified',-1,'Unspecified',-1,'Unspecified',-1,'Unspecified',-1,'none','none','none',-1,-1,-1,-1,-1,-1,-1,'Unspecified',-1,'Unspecified',-1,'Unspecified',-1,'Unspecified',-1,'none','none','none',-1,-1,'B',31,21,9,37,41,28,-1,-1,'None','None','None','None','None','None');
INSERT INTO "Scouting2016_officialmatch" VALUES(68,68,0,-1,-1,-1,-1,-1,'Unspecified',-1,'Unspecified',-1,'Unspecified',-1,'Unspecified',-1,'none','none','none',-1,-1,-1,-1,-1,-1,-1,'Unspecified',-1,'Unspecified',-1,'Unspecified',-1,'Unspecified',-1,'none','none','none',-1,-1,'B',20,23,24,19,12,17,-1,-1,'None','None','None','None','None','None');
INSERT INTO "Scouting2016_officialmatch" VALUES(69,69,0,-1,-1,-1,-1,-1,'Unspecified',-1,'Unspecified',-1,'Unspecified',-1,'Unspecified',-1,'none','none','none',-1,-1,-1,-1,-1,-1,-1,'Unspecified',-1,'Unspecified',-1,'Unspecified',-1,'Unspecified',-1,'none','none','none',-1,-1,'B',34,33,40,1,11,14,-1,-1,'None','None','None','None','None','None');
INSERT INTO "Scouting2016_officialmatch" VALUES(70,70,0,-1,-1,-1,-1,-1,'Unspecified',-1,'Unspecified',-1,'Unspecified',-1,'Unspecified',-1,'none','none','none',-1,-1,-1,-1,-1,-1,-1,'Unspecified',-1,'Unspecified',-1,'Unspecified',-1,'Unspecified',-1,'none','none','none',-1,-1,'B',42,22,35,8,30,4,-1,-1,'None','None','None','None','None','None');
INSERT INTO "Scouting2016_officialmatch" VALUES(71,71,0,-1,-1,-1,-1,-1,'Unspecified',-1,'Unspecified',-1,'Unspecified',-1,'Unspecified',-1,'none','none','none',-1,-1,-1,-1,-1,-1,-1,'Unspecified',-1,'Unspecified',-1,'Unspecified',-1,'Unspecified',-1,'none','none','none',-1,-1,'B',2,44,25,46,45,27,-1,-1,'None','None','None','None','None','None');
INSERT INTO "Scouting2016_officialmatch" VALUES(72,72,0,-1,-1,-1,-1,-1,'Unspecified',-1,'Unspecified',-1,'Unspecified',-1,'Unspecified',-1,'none','none','none',-1,-1,-1,-1,-1,-1,-1,'Unspecified',-1,'Unspecified',-1,'Unspecified',-1,'Unspecified',-1,'none','none','none',-1,-1,'B',15,16,10,39,6,48,-1,-1,'None','None','None','None','None','None');
INSERT INTO "Scouting2016_officialmatch" VALUES(73,73,0,-1,-1,-1,-1,-1,'Unspecified',-1,'Unspecified',-1,'Unspecified',-1,'Unspecified',-1,'none','none','none',-1,-1,-1,-1,-1,-1,-1,'Unspecified',-1,'Unspecified',-1,'Unspecified',-1,'Unspecified',-1,'none','none','none',-1,-1,'C',43,3,29,49,13,5,-1,-1,'None','None','None','None','None','None');
INSERT INTO "Scouting2016_officialmatch" VALUES(74,74,0,-1,-1,-1,-1,-1,'Unspecified',-1,'Unspecified',-1,'Unspecified',-1,'Unspecified',-1,'none','none','none',-1,-1,-1,-1,-1,-1,-1,'Unspecified',-1,'Unspecified',-1,'Unspecified',-1,'Unspecified',-1,'none','none','none',-1,-1,'C',32,18,4,26,17,36,-1,-1,'None','None','None','None','None','None');
INSERT INTO "Scouting2016_officialmatch" VALUES(75,75,0,-1,-1,-1,-1,-1,'Unspecified',-1,'Unspecified',-1,'Unspecified',-1,'Unspecified',-1,'none','none','none',-1,-1,-1,-1,-1,-1,-1,'Unspecified',-1,'Unspecified',-1,'Unspecified',-1,'Unspecified',-1,'none','none','none',-1,-1,'C',31,37,1,42,11,8,-1,-1,'None','None','None','None','None','None');
INSERT INTO "Scouting2016_officialmatch" VALUES(76,76,0,-1,-1,-1,-1,-1,'Unspecified',-1,'Unspecified',-1,'Unspecified',-1,'Unspecified',-1,'none','none','none',-1,-1,-1,-1,-1,-1,-1,'Unspecified',-1,'Unspecified',-1,'Unspecified',-1,'Unspecified',-1,'none','none','none',-1,-1,'C',45,24,7,12,41,33,-1,-1,'None','None','None','None','None','None');
INSERT INTO "Scouting2016_officialmatch" VALUES(77,77,0,-1,-1,-1,-1,-1,'Unspecified',-1,'Unspecified',-1,'Unspecified',-1,'Unspecified',-1,'none','none','none',-1,-1,-1,-1,-1,-1,-1,'Unspecified',-1,'Unspecified',-1,'Unspecified',-1,'Unspecified',-1,'none','none','none',-1,-1,'C',5,48,40,39,27,20,-1,-1,'None','None','None','None','None','None');
INSERT INTO "Scouting2016_officialmatch" VALUES(78,78,0,-1,-1,-1,-1,-1,'Unspecified',-1,'Unspecified',-1,'Unspecified',-1,'Unspecified',-1,'none','none','none',-1,-1,-1,-1,-1,-1,-1,'Unspecified',-1,'Unspecified',-1,'Unspecified',-1,'Unspecified',-1,'none','none','none',-1,-1,'C',25,18,35,13,34,16,-1,-1,'None','None','None','None','None','None');
INSERT INTO "Scouting2016_officialmatch" VALUES(79,79,0,-1,-1,-1,-1,-1,'Unspecified',-1,'Unspecified',-1,'Unspecified',-1,'Unspecified',-1,'none','none','none',-1,-1,-1,-1,-1,-1,-1,'Unspecified',-1,'Unspecified',-1,'Unspecified',-1,'Unspecified',-1,'none','none','none',-1,-1,'C',15,38,21,3,14,46,-1,-1,'None','None','None','None','None','None');
INSERT INTO "Scouting2016_officialmatch" VALUES(80,80,0,-1,-1,-1,-1,-1,'Unspecified',-1,'Unspecified',-1,'Unspecified',-1,'Unspecified',-1,'none','none','none',-1,-1,-1,-1,-1,-1,-1,'Unspecified',-1,'Unspecified',-1,'Unspecified',-1,'Unspecified',-1,'none','none','none',-1,-1,'C',9,50,22,19,43,23,-1,-1,'None','None','None','None','None','None');
INSERT INTO "Scouting2016_officialmatch" VALUES(81,81,0,-1,-1,-1,-1,-1,'Unspecified',-1,'Unspecified',-1,'Unspecified',-1,'Unspecified',-1,'none','none','none',-1,-1,-1,-1,-1,-1,-1,'Unspecified',-1,'Unspecified',-1,'Unspecified',-1,'Unspecified',-1,'none','none','none',-1,-1,'D',26,29,44,6,10,2,-1,-1,'None','None','None','None','None','None');
INSERT INTO "Scouting2016_officialmatch" VALUES(82,82,0,-1,-1,-1,-1,-1,'Unspecified',-1,'Unspecified',-1,'Unspecified',-1,'Unspecified',-1,'none','none','none',-1,-1,-1,-1,-1,-1,-1,'Unspecified',-1,'Unspecified',-1,'Unspecified',-1,'Unspecified',-1,'none','none','none',-1,-1,'D',32,28,11,49,30,7,-1,-1,'None','None','None','None','None','None');
CREATE TABLE "Scouting2016_scoreresult" ("id" integer NOT NULL PRIMARY KEY AUTOINCREMENT, "auto_defense" varchar(50) NOT NULL, "auto_spy" varchar(50) NOT NULL, "auto_score_low" integer NOT NULL, "auto_score_high" integer NOT NULL, "high_score_fail" integer NOT NULL, "high_score_successful" integer NOT NULL, "low_score_fail" integer NOT NULL, "low_score_successful" integer NOT NULL, "portcullis" integer NOT NULL, "cheval_de_frise" integer NOT NULL, "moat" integer NOT NULL, "ramparts" integer NOT NULL, "draw_bridge" integer NOT NULL, "sally_port" integer NOT NULL, "rock_wall" integer NOT NULL, "rough_terrain" integer NOT NULL, "low_bar" integer NOT NULL, "slow_fast_portcullis" varchar(50) NOT NULL, "slow_fast_cheval_de_frise" varchar(50) NOT NULL, "slow_fast_moat" varchar(50) NOT NULL, "slow_fast_ramparts" varchar(50) NOT NULL, "slow_fast_draw_bridge" varchar(50) NOT NULL, "slow_fast_sally_port" varchar(50) NOT NULL, "slow_fast_rock_wall" varchar(50) NOT NULL, "slow_fast_rough_terrain" varchar(50) NOT NULL, "slow_fast_low_bar" varchar(50) NOT NULL, "scale_challenge" varchar(50) NOT NULL, "score_tech_foul" integer NOT NULL, "notes_text_area" varchar(1000) NOT NULL, "match_id" integer NOT NULL REFERENCES "Scouting2016_match" ("id"), "team_id" integer NOT NULL REFERENCES "Scouting2016_team" ("id"));
INSERT INTO "Scouting2016_scoreresult" VALUES(1,'no_reach','no',0,0,3,1,0,0,0,0,0,0,0,0,3,0,2,'no_move','no_move','no_move','no_move','no_move','no_move','fast','no_move','fast','challenge',0,'',1,30);
INSERT INTO "Scouting2016_scoreresult" VALUES(2,'no_reach','no',0,0,1,3,0,0,0,0,0,2,0,0,0,0,1,'no_move','no_move','no_move','slow','no_move','no_move','no_move','no_move','fast','challenge',0,'',1,34);
INSERT INTO "Scouting2016_scoreresult" VALUES(3,'no_reach','0',0,0,0,0,0,2,0,0,0,2,0,0,1,0,0,'no_move','no_move','no_move','no_move','no_move','no_move','slow','no_move','no_move','challenge',0,'',2,12);
INSERT INTO "Scouting2016_scoreresult" VALUES(4,'no_reach','no',0,0,0,0,0,4,0,0,0,2,0,0,0,0,2,'no_move','no_move','no_move','no_move','no_move','no_move','no_move','no_move','fast','scale',0,'',2,11);
INSERT INTO "Scouting2016_scoreresult" VALUES(5,'no_reach','no',0,0,0,0,0,1,0,0,0,3,0,2,0,0,0,'no_move','no_move','no_move','fast','no_move','no_move','no_move','no_move','no_move','challenge',0,'',2,38);
INSERT INTO "Scouting2016_scoreresult" VALUES(6,'no_reach','0',0,0,0,0,0,0,0,0,0,2,0,0,0,0,0,'no_move','no_move','no_move','slow','no_move','no_move','no_move','no_move','no_move','challenge',0,'',1,19);
INSERT INTO "Scouting2016_scoreresult" VALUES(7,'no_reach','0',0,0,1,1,2,1,0,0,0,0,0,0,0,0,3,'no_move','no_move','no_move','no_move','no_move','no_move','no_move','no_move','no_move','no_points',0,'',3,26);
INSERT INTO "Scouting2016_scoreresult" VALUES(8,'no_reach','no',0,0,1,0,0,0,2,0,0,0,0,0,1,0,0,'fast','no_move','no_move','no_move','no_move','no_move','no_move','no_move','no_move','challenge',0,'',3,5);
INSERT INTO "Scouting2016_scoreresult" VALUES(9,'no_reach','no',0,0,0,0,8,0,0,0,0,0,0,0,0,0,3,'no_move','no_move','no_move','no_move','no_move','no_move','no_move','no_move','fast','challenge',0,'',3,14);
INSERT INTO "Scouting2016_scoreresult" VALUES(10,'no_reach','0',-1,0,0,2,1,2,0,0,0,5,0,0,0,0,0,'no_move','no_move','no_move','fast','no_move','no_move','no_move','no_move','no_move','no',0,'',4,4);
INSERT INTO "Scouting2016_scoreresult" VALUES(11,'no_reach','0',0,0,0,0,0,0,0,0,0,0,0,0,0,0,0,'no_move','no_move','no_move','no_move','no_move','no_move','no_move','no_move','no_move','no',0,'',4,24);
INSERT INTO "Scouting2016_scoreresult" VALUES(12,'no_reach','no',0,0,0,0,0,1,0,0,0,1,0,1,2,0,0,'no_move','no_move','no_move','slow','no_move','slow','fast','no_move','no_move','no_points',0,'',4,6);
INSERT INTO "Scouting2016_scoreresult" VALUES(13,'no_reach','no',0,0,0,0,0,0,0,2,0,0,0,2,0,0,0,'no_move','fast','no_move','no_move','no_move','fast','no_move','no_move','no_move','challenge',0,'',3,23);
INSERT INTO "Scouting2016_scoreresult" VALUES(14,'no_reach','0',0,0,0,0,0,2,0,0,0,1,0,0,2,0,1,'no_move','no_move','no_move','fast','no_move','no_move','fast','no_move','fast','challenge',0,'',5,17);
INSERT INTO "Scouting2016_scoreresult" VALUES(15,'no_reach','0',0,0,1,0,0,3,0,0,0,4,0,0,0,0,0,'no_move','no_move','no_move','fast','no_move','no_move','no_move','no_move','no_move','no',0,'',5,1);
INSERT INTO "Scouting2016_scoreresult" VALUES(16,'no_reach','no',0,0,0,0,0,0,0,0,0,2,0,2,0,0,0,'no_move','no_move','no_move','fast','no_move','fast','no_move','no_move','no_move','challenge',0,'',5,22);
INSERT INTO "Scouting2016_scoreresult" VALUES(17,'no_reach','yes',0,0,0,0,0,2,0,0,0,4,0,0,0,0,0,'no_move','no_move','no_move','fast','no_move','no_move','no_move','no_move','no_move','challenge',0,'',2,43);
INSERT INTO "Scouting2016_scoreresult" VALUES(18,'no_reach','no',0,0,0,0,0,3,0,0,0,4,0,0,0,0,1,'no_move','no_move','no_move','fast','no_move','no_move','no_move','no_move','slow','challenge',0,'',3,9);
INSERT INTO "Scouting2016_scoreresult" VALUES(19,'no_reach','0',0,0,0,0,0,1,0,3,0,0,0,3,0,0,0,'no_move','fast','no_move','no_move','no_move','fast','no_move','no_move','no_move','challenge',0,'',1,45);
INSERT INTO "Scouting2016_scoreresult" VALUES(20,'no_reach','no',0,0,0,0,1,3,0,0,0,1,0,0,4,0,0,'no_move','no_move','no_move','fast','no_move','no_move','fast','no_move','no_move','challenge',0,'',2,44);
INSERT INTO "Scouting2016_scoreresult" VALUES(21,'no_reach','no',0,0,0,0,0,0,0,0,0,0,0,0,3,0,1,'no_move','no_move','no_move','no_move','no_move','no_move','fast','no_move','fast','challenge',0,'',1,48);
INSERT INTO "Scouting2016_scoreresult" VALUES(22,'no_reach','no',0,0,0,0,0,2,0,0,0,2,0,0,1,0,0,'no_move','no_move','no_move','fast','no_move','no_move','fast','no_move','no_move','challenge',0,'',3,39);
INSERT INTO "Scouting2016_scoreresult" VALUES(23,'no_reach','0',0,0,0,5,0,0,0,0,0,2,0,0,0,0,0,'no_move','no_move','no_move','fast','no_move','no_move','no_move','no_move','no_move','challenge',0,'',6,31);
INSERT INTO "Scouting2016_scoreresult" VALUES(24,'no_reach','0',0,0,0,0,1,0,0,0,0,0,0,1,0,2,1,'no_move','no_move','no_move','no_move','no_move','slow','no_move','fast','fast','challenge',0,'',7,41);
INSERT INTO "Scouting2016_scoreresult" VALUES(25,'no_reach','0',0,0,0,0,0,2,0,0,0,0,0,2,0,0,2,'no_move','no_move','no_move','no_move','no_move','slow','no_move','no_move','fast','no_points',0,'',7,40);
INSERT INTO "Scouting2016_scoreresult" VALUES(26,'no_reach','0',0,0,0,0,0,0,0,0,0,1,0,0,0,0,0,'no_move','no_move','no_move','fast','slow','no_move','no_move','no_move','no_move','challenge',0,'',7,25);
INSERT INTO "Scouting2016_scoreresult" VALUES(27,'no_reach','0',0,0,0,0,0,0,0,0,0,0,0,0,0,0,1,'no_move','no_move','no_move','no_move','no_move','no_move','no_move','no_move','fast','challenge',0,'',8,36);
INSERT INTO "Scouting2016_scoreresult" VALUES(28,'no_reach','yes',0,1,0,1,1,2,2,0,0,0,0,0,0,0,1,'slow','no_move','no_move','no_move','no_move','no_move','no_move','no_move','fast','challenge',0,'',8,7);
INSERT INTO "Scouting2016_scoreresult" VALUES(29,'no_reach','no',0,0,0,0,0,0,0,0,0,0,0,0,0,0,0,'no_move','no_move','no_move','no_move','no_move','no_move','no_move','no_move','no_move','no_points',0,'',8,2);
INSERT INTO "Scouting2016_scoreresult" VALUES(30,'no_reach','0',0,-1,0,2,0,0,2,0,0,0,0,0,0,0,7,'no_move','no_move','no_move','no_move','no_move','no_move','no_move','no_move','fast','no',0,'',9,33);
INSERT INTO "Scouting2016_scoreresult" VALUES(31,'no_reach','0',0,0,0,0,0,1,0,0,0,0,0,0,0,0,0,'no_move','no_move','no_move','no_move','no_move','no_move','no_move','no_move','no_move','challenge',1,'',9,20);
INSERT INTO "Scouting2016_scoreresult" VALUES(32,'no_reach','0',0,0,0,0,0,1,0,2,0,0,0,0,1,0,0,'no_move','slow','no_move','no_move','no_move','no_move','fast','no_move','no_move','challenge',0,'',9,28);
INSERT INTO "Scouting2016_scoreresult" VALUES(33,'no_reach','no',0,0,0,0,0,0,0,0,0,3,0,0,2,0,0,'no_move','no_move','no_move','fast','no_move','no_move','fast','no_move','no_move','scale',0,'',9,3);
INSERT INTO "Scouting2016_scoreresult" VALUES(34,'no_reach','no',0,0,0,0,0,3,0,0,0,1,0,0,2,0,2,'no_move','no_move','no_move','fast','no_move','no_move','fast','no_move','fast','no_points',0,'',4,50);
INSERT INTO "Scouting2016_scoreresult" VALUES(35,'no_reach','no',0,0,0,0,0,0,0,0,0,1,1,0,0,2,0,'no_move','no_move','no_move','fast','slow','no_move','no_move','slow','no_move','challenge',0,'',7,15);
INSERT INTO "Scouting2016_scoreresult" VALUES(36,'no_reach','no',0,0,0,0,0,2,0,1,0,1,0,0,0,0,1,'no_move','fast','no_move','slow','no_move','no_move','no_move','no_move','fast','challenge',0,'',5,10);
INSERT INTO "Scouting2016_scoreresult" VALUES(37,'no_reach','no',0,0,0,0,0,0,0,1,0,3,0,1,0,0,1,'no_move','no_move','no_move','fast','no_move','fast','no_move','no_move','no_move','no_points',0,'',10,4);
INSERT INTO "Scouting2016_scoreresult" VALUES(38,'no_reach','0',0,0,0,0,0,2,0,1,0,0,0,0,1,0,0,'no_move','fast','no_move','no_move','no_move','no_move','fast','no_move','no_move','scale',0,'',10,11);
INSERT INTO "Scouting2016_scoreresult" VALUES(39,'no_reach','0',0,0,0,0,1,3,2,0,0,0,0,0,0,0,1,'fast','no_move','no_move','no_move','no_move','no_move','no_move','no_move','fast','challenge',0,'',10,8);
INSERT INTO "Scouting2016_scoreresult" VALUES(40,'no_reach','no',0,0,0,0,0,2,0,0,0,1,0,0,0,0,0,'no_move','no_move','no_move','fast','no_move','no_move','no_move','no_move','no_move','challenge',0,'',9,18);
INSERT INTO "Scouting2016_scoreresult" VALUES(41,'no_reach','no',0,0,1,0,0,0,0,0,0,1,0,0,1,0,0,'no_move','no_move','no_move','slow','no_move','no_move','fast','no_move','no_move','challenge',0,'',8,49);
INSERT INTO "Scouting2016_scoreresult" VALUES(42,'no_reach','no',0,0,0,0,0,6,0,0,0,4,0,0,1,0,0,'no_move','no_move','no_move','no_move','no_move','no_move','no_move','no_move','no_move','challenge',0,'',11,50);
INSERT INTO "Scouting2016_scoreresult" VALUES(43,'no_reach','0',0,0,0,0,2,1,0,0,0,1,0,1,0,0,2,'no_move','no_move','no_move','fast','no_move','fast','no_move','no_move','fast','challenge',0,'',11,48);
INSERT INTO "Scouting2016_scoreresult" VALUES(44,'no_reach','no',0,0,0,0,0,0,0,0,0,0,0,3,1,0,0,'no_move','no_move','no_move','no_move','no_move','fast','fast','no_move','no_move','challenge',0,'',11,25);
INSERT INTO "Scouting2016_scoreresult" VALUES(45,'no_reach','0',0,0,0,0,0,0,2,0,0,0,0,7,0,0,0,'slow','no_move','no_move','no_move','no_move','fast','no_move','no_move','no_move','challenge',0,'',11,23);
INSERT INTO "Scouting2016_scoreresult" VALUES(46,'no_reach','no',0,0,0,0,0,0,0,0,0,0,0,0,0,0,2,'no_move','no_move','no_move','no_move','no_move','no_move','no_move','no_move','fast','challenge',0,'',11,42);
INSERT INTO "Scouting2016_scoreresult" VALUES(47,'no_reach','no',0,0,0,0,0,1,0,2,0,0,0,0,0,0,0,'no_move','slow','no_move','no_move','no_move','no_move','no_move','no_move','no_move','challenge',0,'',5,27);
INSERT INTO "Scouting2016_scoreresult" VALUES(48,'no_reach','0',0,0,0,0,0,2,0,0,0,2,0,0,0,0,0,'no_move','no_move','no_move','slow','no_move','no_move','no_move','no_move','no_move','challenge',0,'',12,19);
INSERT INTO "Scouting2016_scoreresult" VALUES(49,'no_reach','0',0,0,0,0,0,0,0,0,3,0,0,4,0,4,0,'no_move','no_move','fast','no_move','no_move','fast','no_move','fast','no_move','no_points',0,'',12,15);
INSERT INTO "Scouting2016_scoreresult" VALUES(50,'no_reach','0',0,0,0,0,0,0,0,0,0,0,0,0,1,0,0,'no_move','no_move','no_move','no_move','no_move','no_move','slow','no_move','no_move','no',0,'',12,22);
INSERT INTO "Scouting2016_scoreresult" VALUES(51,'no_reach','0',0,0,0,3,0,0,0,0,0,0,0,0,0,0,4,'no_move','no_move','no_move','no_move','no_move','no_move','no_move','no_move','no_move','challenge',0,'',12,26);
INSERT INTO "Scouting2016_scoreresult" VALUES(52,'no_reach','yes',0,0,0,0,0,0,0,0,0,0,0,0,0,0,1,'no_move','no_move','no_move','no_move','no_move','no_move','no_move','no_move','fast','challenge',0,'',7,42);
INSERT INTO "Scouting2016_scoreresult" VALUES(53,'no_reach','no',0,0,0,0,0,4,2,0,1,0,0,0,0,0,3,'fast','no_move','fast','no_move','no_move','no_move','no_move','no_move','fast','challenge',0,'',12,13);
INSERT INTO "Scouting2016_scoreresult" VALUES(54,'no_reach','0',0,0,0,0,0,0,0,2,0,3,0,4,0,0,0,'no_move','fast','no_move','fast','no_move','fast','no_move','no_move','no_move','challenge',0,'',13,38);
INSERT INTO "Scouting2016_scoreresult" VALUES(55,'no_reach','no',0,0,0,0,0,1,0,0,0,2,0,0,0,0,0,'no_move','no_move','no_move','fast','no_move','no_move','no_move','no_move','no_move','challenge',0,'',13,39);
INSERT INTO "Scouting2016_scoreresult" VALUES(56,'no_reach','no',0,0,0,0,0,6,0,0,0,7,0,0,2,0,0,'no_move','no_move','no_move','fast','no_move','no_move','no_move','no_move','no_move','challenge',0,'',11,17);
INSERT INTO "Scouting2016_scoreresult" VALUES(57,'no_reach','0',0,0,0,0,1,1,0,2,0,0,0,0,0,0,0,'no_move','slow','no_move','no_move','no_move','no_move','no_move','no_move','no_move','challenge',0,'',13,9);
INSERT INTO "Scouting2016_scoreresult" VALUES(58,'no_reach','0',0,0,0,0,0,1,0,0,0,2,0,0,0,0,0,'no_move','no_move','no_move','no_move','no_move','no_move','no_move','no_move','no_move','no',0,'',13,44);
INSERT INTO "Scouting2016_scoreresult" VALUES(59,'no_reach','0',0,0,1,3,0,0,0,0,0,1,0,2,1,0,0,'no_move','no_move','no_move','fast','no_move','fast','fast','no_move','no_move','challenge',0,'',8,35);
INSERT INTO "Scouting2016_scoreresult" VALUES(60,'no_reach','no',0,0,0,0,0,3,2,2,0,0,0,0,0,0,2,'fast','fast','no_move','no_move','no_move','no_move','no_move','no_move','fast','challenge',0,'',7,13);
INSERT INTO "Scouting2016_scoreresult" VALUES(61,'no_reach','no',0,0,0,0,0,1,1,0,0,0,0,0,2,0,0,'fast','no_move','no_move','no_move','no_move','no_move','fast','no_move','no_move','no_points',0,'',10,27);
INSERT INTO "Scouting2016_scoreresult" VALUES(62,'no_reach','no',0,0,0,0,0,0,0,0,0,0,0,0,0,0,1,'no_move','no_move','no_move','no_move','no_move','no_move','no_move','no_move','fast','challenge',0,'',10,21);
INSERT INTO "Scouting2016_scoreresult" VALUES(63,'no_reach','no',0,0,0,0,1,1,0,1,0,0,0,2,0,0,1,'no_move','fast','no_move','no_move','no_move','fast','no_move','no_move','fast','challenge',0,'',14,16);
INSERT INTO "Scouting2016_scoreresult" VALUES(64,'no_reach','0',0,0,0,0,0,3,0,0,0,4,0,0,4,0,0,'no_move','no_move','no_move','fast','no_move','no_move','fast','no_move','no_move','challenge',0,'',14,32);
INSERT INTO "Scouting2016_scoreresult" VALUES(65,'no_reach','yes',0,1,1,4,0,0,0,0,0,3,0,0,0,0,1,'no_move','no_move','no_move','fast','no_move','no_move','no_move','no_move','fast','challenge',0,'',14,46);
INSERT INTO "Scouting2016_scoreresult" VALUES(66,'no_reach','0',0,0,0,0,1,4,0,0,0,1,0,0,1,0,4,'no_move','no_move','no_move','slow','no_move','no_move','no_move','no_move','no_move','challenge',0,'',14,7);
INSERT INTO "Scouting2016_scoreresult" VALUES(67,'no_reach','no',0,0,0,0,1,2,2,0,0,0,0,0,0,0,2,'fast','no_move','no_move','no_move','no_move','no_move','no_move','no_move','fast','challenge',0,'',4,16);
INSERT INTO "Scouting2016_scoreresult" VALUES(68,'no_reach','0',0,0,0,0,0,1,0,1,0,0,0,5,0,0,0,'no_move','no_move','no_move','no_move','no_move','slow','no_move','no_move','no_move','challenge',0,'',14,40);
INSERT INTO "Scouting2016_scoreresult" VALUES(69,'no_reach','0',0,0,0,0,0,3,0,0,0,0,0,0,0,0,2,'no_move','no_move','no_move','no_move','no_move','no_move','no_move','no_move','fast','challenge',0,'',8,37);
INSERT INTO "Scouting2016_scoreresult" VALUES(70,'no_reach','0',0,0,0,0,0,0,0,0,1,0,0,0,1,0,0,'no_move','no_move','fast','no_move','no_move','no_move','no_move','no_move','no_move','challenge',0,'',15,18);
INSERT INTO "Scouting2016_scoreresult" VALUES(71,'no_reach','no',0,0,0,0,1,2,0,0,4,1,0,0,0,0,0,'no_move','no_move','fast','fast','no_move','no_move','no_move','no_move','no_move','no',0,'',15,35);
INSERT INTO "Scouting2016_scoreresult" VALUES(72,'no_reach','no',0,0,0,0,0,1,0,0,0,0,0,0,0,0,1,'no_move','no_move','no_move','no_move','no_move','no_move','no_move','no_move','fast','challenge',0,'',15,28);
INSERT INTO "Scouting2016_scoreresult" VALUES(73,'no_reach','0',0,0,0,2,0,0,0,0,0,0,0,1,2,0,0,'no_move','no_move','no_move','no_move','no_move','slow','fast','no_move','no_move','challenge',0,'',15,6);
INSERT INTO "Scouting2016_scoreresult" VALUES(74,'no_reach','yes',0,0,0,0,0,2,0,0,0,0,0,0,4,0,0,'no_move','no_move','no_move','no_move','no_move','no_move','no_move','no_move','no_move','challenge',0,'',15,43);
INSERT INTO "Scouting2016_scoreresult" VALUES(75,'no_reach','0',0,0,0,0,0,1,0,0,0,1,0,1,4,0,0,'no_move','no_move','no_move','no_move','no_move','fast','fast','no_move','no_move','challenge',0,'',16,36);
INSERT INTO "Scouting2016_scoreresult" VALUES(76,'no_reach','0',0,0,0,0,0,0,0,2,0,0,0,0,0,3,0,'no_move','slow','no_move','no_move','no_move','no_move','no_move','slow','no_move','challenge',0,'',16,5);
INSERT INTO "Scouting2016_scoreresult" VALUES(77,'no_reach','0',0,0,0,0,0,1,0,0,0,1,0,0,0,0,1,'no_move','no_move','no_move','fast','no_move','no_move','no_move','no_move','no_move','no',2,'',16,12);
INSERT INTO "Scouting2016_scoreresult" VALUES(78,'no_reach','0',0,0,0,0,0,2,0,2,0,0,0,1,0,0,3,'no_move','slow','no_move','no_move','no_move','fast','no_move','no_move','fast','challenge',0,'',16,41);
INSERT INTO "Scouting2016_scoreresult" VALUES(79,'no_reach','no',0,0,1,3,0,0,0,0,0,1,0,0,0,1,1,'no_move','no_move','no_move','fast','no_move','no_move','no_move','fast','fast','challenge',0,'',16,30);
INSERT INTO "Scouting2016_scoreresult" VALUES(80,'no_reach','0',0,0,0,0,1,3,0,0,0,0,0,0,0,0,5,'no_move','no_move','no_move','no_move','no_move','no_move','no_move','no_move','fast','scale',0,'',17,14);
INSERT INTO "Scouting2016_scoreresult" VALUES(81,'no_reach','no',0,0,0,0,0,3,2,0,0,0,0,0,0,0,1,'fast','no_move','no_move','no_move','no_move','no_move','no_move','no_move','fast','no_points',0,'',17,45);
INSERT INTO "Scouting2016_scoreresult" VALUES(82,'no_reach','no',0,0,0,0,3,6,0,0,0,0,0,0,3,0,1,'no_move','no_move','no_move','no_move','no_move','no_move','no_move','no_move','fast','challenge',0,'',17,10);
INSERT INTO "Scouting2016_scoreresult" VALUES(83,'no_reach','0',0,0,1,1,0,0,0,0,0,0,0,2,2,0,0,'no_move','no_move','no_move','no_move','no_move','fast','fast','no_move','no_move','challenge',0,'',17,20);
INSERT INTO "Scouting2016_scoreresult" VALUES(84,'no_reach','0',0,0,0,0,0,0,0,0,0,1,0,0,0,0,0,'no_move','no_move','no_move','fast','no_move','no_move','no_move','no_move','no_move','no',0,'',17,49);
INSERT INTO "Scouting2016_scoreresult" VALUES(85,'no_reach','0',0,0,0,0,0,2,0,0,0,4,1,0,1,0,0,'no_move','no_move','no_move','fast','fast','no_move','no_move','no_move','no_move','challenge',0,'',18,27);
INSERT INTO "Scouting2016_scoreresult" VALUES(86,'no_reach','no',0,0,0,0,0,2,0,3,0,0,0,0,0,0,0,'no_move','slow','no_move','no_move','no_move','no_move','no_move','no_move','no_move','challenge',0,'',18,13);
INSERT INTO "Scouting2016_scoreresult" VALUES(87,'no_reach','no',0,1,0,4,0,0,0,0,0,0,0,0,0,0,7,'no_move','no_move','no_move','no_move','no_move','no_move','no_move','no_move','fast','challenge',0,'',18,26);
INSERT INTO "Scouting2016_scoreresult" VALUES(88,'no_reach','0',0,0,0,0,0,0,0,0,2,0,0,0,2,0,0,'no_move','no_move','fast','no_move','no_move','no_move','fast','no_move','no_move','challenge',0,'',18,3);
INSERT INTO "Scouting2016_scoreresult" VALUES(89,'no_reach','0',0,0,1,0,0,3,0,0,0,0,0,0,0,0,10,'no_move','no_move','no_move','no_move','no_move','no_move','no_move','no_move','no_move','challenge',0,'',18,16);
INSERT INTO "Scouting2016_scoreresult" VALUES(90,'no_reach','no',0,0,1,3,0,0,0,0,0,0,0,0,0,0,3,'no_move','no_move','no_move','no_move','no_move','no_move','no_move','no_move','fast','challenge',0,'',19,34);
INSERT INTO "Scouting2016_scoreresult" VALUES(91,'no_reach','no',0,0,0,0,1,4,0,2,0,2,0,0,0,0,0,'no_move','fast','no_move','fast','no_move','no_move','no_move','no_move','no_move','challenge',0,'',19,11);
INSERT INTO "Scouting2016_scoreresult" VALUES(92,'no_reach','no',0,0,0,0,0,0,0,0,0,3,0,2,0,0,0,'no_move','no_move','no_move','slow','no_move','slow','no_move','no_move','no_move','challenge',0,'',19,6);
INSERT INTO "Scouting2016_scoreresult" VALUES(93,'no_reach','yes',0,1,0,4,0,0,0,3,0,2,0,0,1,0,1,'no_move','no_move','no_move','no_move','no_move','no_move','no_move','no_move','no_move','challenge',0,'',19,46);
INSERT INTO "Scouting2016_scoreresult" VALUES(94,'no_reach','no',0,0,0,0,0,0,0,0,0,0,0,0,0,0,0,'no_move','no_move','no_move','no_move','no_move','no_move','no_move','no_move','no_move','no_points',0,'',20,4);
INSERT INTO "Scouting2016_scoreresult" VALUES(95,'no_reach','0',0,0,0,0,0,3,0,0,2,0,0,0,1,0,0,'no_move','no_move','no_move','no_move','no_move','no_move','fast','no_move','no_move','challenge',0,'',20,41);
INSERT INTO "Scouting2016_scoreresult" VALUES(96,'no_reach','0',0,0,0,0,0,1,0,0,0,0,0,0,2,0,0,'no_move','no_move','no_move','no_move','no_move','no_move','slow','no_move','no_move','challenge',0,'',20,40);
INSERT INTO "Scouting2016_scoreresult" VALUES(97,'no_reach','no',0,0,0,0,0,0,0,0,0,0,0,0,0,0,0,'no_move','no_move','no_move','no_move','no_move','no_move','no_move','no_move','no_move','no',0,'',21,1);
INSERT INTO "Scouting2016_scoreresult" VALUES(98,'no_reach','0',0,0,0,4,0,0,0,0,0,0,0,0,0,0,3,'no_move','no_move','no_move','no_move','no_move','no_move','no_move','no_move','no_move','challenge',0,'',22,30);
INSERT INTO "Scouting2016_scoreresult" VALUES(99,'no_reach','0',0,0,0,0,1,2,0,2,0,0,0,3,4,0,0,'no_move','fast','no_move','no_move','no_move','fast','no_move','no_move','no_move','no_points',0,'',22,35);
INSERT INTO "Scouting2016_scoreresult" VALUES(100,'no_reach','0',0,0,0,0,0,1,0,0,0,1,0,0,0,0,2,'no_move','no_move','no_move','slow','no_move','no_move','no_move','no_move','no_move','challenge',0,'',22,21);
INSERT INTO "Scouting2016_scoreresult" VALUES(101,'no_reach','no',0,0,0,0,0,0,0,0,0,0,0,0,0,0,0,'no_move','no_move','no_move','no_move','no_move','no_move','no_move','no_move','no_move','no',1,'',23,49);
INSERT INTO "Scouting2016_scoreresult" VALUES(102,'no_reach','no',0,0,0,0,0,0,0,0,0,1,0,0,0,0,0,'no_move','no_move','no_move','fast','no_move','no_move','no_move','no_move','no_move','no_points',0,'',23,24);
INSERT INTO "Scouting2016_scoreresult" VALUES(103,'no_reach','0',0,0,0,0,0,0,0,0,0,2,0,0,0,0,0,'no_move','no_move','no_move','slow','no_move','no_move','no_move','no_move','no_move','challenge',0,'',23,28);
INSERT INTO "Scouting2016_scoreresult" VALUES(104,'no_reach','0',0,0,1,1,2,2,0,0,0,2,0,0,2,0,0,'no_move','no_move','no_move','no_move','no_move','no_move','no_move','no_move','no_move','scale',0,'',23,44);
INSERT INTO "Scouting2016_scoreresult" VALUES(105,'no_reach','no',0,0,0,0,0,0,0,0,0,1,0,0,0,0,0,'no_move','no_move','no_move','no_move','no_move','no_move','no_move','no_move','no_move','no',1,'',24,39);
INSERT INTO "Scouting2016_scoreresult" VALUES(106,'no_reach','0',0,0,0,0,0,2,0,0,0,0,0,0,0,0,2,'no_move','no_move','no_move','no_move','no_move','no_move','no_move','no_move','fast','challenge',0,'',24,14);
INSERT INTO "Scouting2016_scoreresult" VALUES(107,'no_reach','no',0,0,0,0,2,2,0,1,0,0,0,0,1,0,0,'no_move','fast','no_move','no_move','no_move','no_move','fast','no_move','no_move','no',0,'',24,8);
INSERT INTO "Scouting2016_scoreresult" VALUES(108,'no_reach','0',0,0,0,0,0,0,0,0,0,0,0,0,0,0,0,'no_move','no_move','no_move','no_move','no_move','no_move','no_move','no_move','no_move','challenge',0,'',24,25);
INSERT INTO "Scouting2016_scoreresult" VALUES(109,'no_reach','no',-1,0,0,0,0,0,3,0,2,0,0,0,0,0,2,'fast','no_move','slow','no_move','no_move','no_move','no_move','no_move','fast','challenge',0,'',25,32);
INSERT INTO "Scouting2016_scoreresult" VALUES(110,'no_reach','no',0,0,0,1,0,3,0,0,2,0,0,0,0,0,0,'no_move','no_move','fast','no_move','no_move','no_move','no_move','no_move','no_move','scale',0,'',25,17);
INSERT INTO "Scouting2016_scoreresult" VALUES(111,'no_reach','0',0,0,0,6,0,0,0,0,1,0,0,0,2,0,0,'no_move','no_move','fast','no_move','no_move','no_move','fast','no_move','no_move','challenge',0,'',25,31);
INSERT INTO "Scouting2016_scoreresult" VALUES(112,'no_reach','0',0,0,0,0,0,2,0,2,4,0,0,0,0,0,3,'no_move','slow','fast','no_move','no_move','no_move','no_move','no_move','no_move','challenge',0,'',25,9);
INSERT INTO "Scouting2016_scoreresult" VALUES(113,'no_reach','0',0,0,0,0,0,0,0,0,0,0,0,0,0,0,0,'no_move','no_move','no_move','no_move','no_move','no_move','no_move','no_move','no_move','no',0,'',11,45);
INSERT INTO "Scouting2016_scoreresult" VALUES(114,'no_reach','no',0,0,0,0,0,0,1,0,0,0,0,0,0,0,0,'no_move','no_move','no_move','no_move','no_move','no_move','no_move','no_move','no_move','no',0,'',26,45);
INSERT INTO "Scouting2016_scoreresult" VALUES(115,'no_reach','0',0,0,0,0,2,2,0,0,0,2,0,0,0,0,0,'no_move','no_move','no_move','slow','no_move','no_move','no_move','no_move','no_move','challenge',0,'',27,19);
INSERT INTO "Scouting2016_scoreresult" VALUES(116,'no_reach','0',0,0,0,0,0,4,0,0,3,0,0,0,0,0,0,'no_move','no_move','slow','no_move','no_move','no_move','no_move','no_move','no_move','scale',0,'',27,18);
INSERT INTO "Scouting2016_scoreresult" VALUES(117,'no_reach','0',0,0,0,0,0,1,1,0,1,0,0,0,2,0,0,'fast','no_move','fast','no_move','no_move','no_move','slow','no_move','no_move','challenge',0,'',27,38);
INSERT INTO "Scouting2016_scoreresult" VALUES(118,'no_reach','0',0,0,0,0,0,0,0,0,0,0,0,2,2,1,0,'no_move','no_move','no_move','no_move','no_move','fast','fast','fast','no_move','challenge',0,'',28,15);
INSERT INTO "Scouting2016_scoreresult" VALUES(119,'no_reach','0',0,0,0,0,0,3,0,2,0,0,0,2,0,0,3,'no_move','fast','no_move','no_move','no_move','fast','no_move','no_move','fast','no_points',0,'',28,13);
INSERT INTO "Scouting2016_scoreresult" VALUES(120,'no_reach','0',0,0,0,0,0,0,0,0,0,0,0,0,0,0,1,'no_move','no_move','no_move','no_move','no_move','no_move','no_move','no_move','no_move','no_points',0,'',28,36);
INSERT INTO "Scouting2016_scoreresult" VALUES(121,'no_reach','yes',0,1,0,0,0,0,0,0,0,1,0,0,0,0,1,'no_move','no_move','no_move','no_move','no_move','no_move','no_move','no_move','no_move','challenge',0,'',28,7);
INSERT INTO "Scouting2016_scoreresult" VALUES(122,'no_reach','0',0,0,1,0,0,2,0,0,0,0,0,0,1,0,3,'no_move','no_move','no_move','no_move','no_move','no_move','fast','no_move','fast','challenge',0,'',11,29);
INSERT INTO "Scouting2016_scoreresult" VALUES(123,'no_reach','0',0,0,0,0,0,0,0,0,2,0,1,0,1,0,0,'no_move','no_move','fast','no_move','fast','no_move','fast','no_move','no_move','no_points',0,'',29,41);
INSERT INTO "Scouting2016_scoreresult" VALUES(124,'no_reach','0',0,0,0,0,0,1,0,0,0,0,0,0,0,0,0,'no_move','no_move','no_move','no_move','no_move','no_move','no_move','no_move','no_move','challenge',0,'',29,11);
INSERT INTO "Scouting2016_scoreresult" VALUES(125,'no_reach','no',0,0,0,0,0,0,0,0,0,2,0,1,0,0,2,'no_move','no_move','no_move','fast','no_move','no_move','no_move','no_move','no_move','no',0,'',29,6);
INSERT INTO "Scouting2016_scoreresult" VALUES(126,'no_reach','0',0,0,2,4,0,0,0,0,0,0,0,0,0,0,3,'no_move','no_move','no_move','no_move','no_move','no_move','no_move','no_move','slow','challenge',0,'',29,26);
INSERT INTO "Scouting2016_scoreresult" VALUES(127,'no_reach','no',0,0,0,1,0,1,0,0,0,0,0,0,0,0,0,'no_move','no_move','no_move','no_move','no_move','no_move','no_move','no_move','no_move','no_points',0,'',13,34);
INSERT INTO "Scouting2016_scoreresult" VALUES(128,'no_reach','0',0,0,0,0,0,3,0,0,0,1,0,1,0,0,0,'no_move','no_move','no_move','no_move','no_move','no_move','no_move','no_move','no_move','no_points',0,'',30,43);
INSERT INTO "Scouting2016_scoreresult" VALUES(129,'no_reach','yes',0,1,0,4,0,0,0,2,0,1,0,0,0,0,0,'no_move','fast','no_move','no_move','no_move','no_move','no_move','no_move','no_move','challenge',0,'',30,46);
INSERT INTO "Scouting2016_scoreresult" VALUES(130,'no_reach','0',1,0,-2,0,0,1,0,2,0,0,0,7,0,0,0,'no_move','fast','no_move','no_move','no_move','fast','no_move','no_move','no_move','challenge',0,'',30,16);
INSERT INTO "Scouting2016_scoreresult" VALUES(131,'no_reach','0',0,0,0,0,0,6,0,1,0,1,0,1,3,0,0,'no_move','fast','no_move','fast','no_move','fast','fast','no_move','no_move','scale',0,'',30,17);
INSERT INTO "Scouting2016_scoreresult" VALUES(132,'no_reach','no',0,0,0,0,0,0,0,0,0,0,0,0,0,0,0,'no_move','no_move','no_move','no_move','no_move','no_move','no_move','no_move','no_move','no_points',0,'',12,2);
INSERT INTO "Scouting2016_scoreresult" VALUES(133,'no_reach','no',0,1,0,3,0,0,0,0,0,2,0,1,0,0,1,'no_move','no_move','no_move','no_move','no_move','no_move','no_move','no_move','no_move','challenge',0,'',16,31);
INSERT INTO "Scouting2016_scoreresult" VALUES(134,'no_reach','0',0,0,0,0,0,2,0,1,0,4,0,0,3,0,0,'no_move','fast','no_move','fast','no_move','no_move','fast','no_move','no_move','challenge',0,'',31,32);
INSERT INTO "Scouting2016_scoreresult" VALUES(135,'no_reach','0',0,0,0,0,0,2,0,0,0,2,0,0,0,0,0,'no_move','no_move','no_move','fast','no_move','no_move','no_move','no_move','no_move','challenge',0,'',31,28);
INSERT INTO "Scouting2016_scoreresult" VALUES(136,'no_reach','0',0,0,0,0,0,0,0,0,0,0,0,0,0,0,4,'no_move','no_move','no_move','no_move','no_move','no_move','no_move','no_move','fast','challenge',0,'',31,37);
INSERT INTO "Scouting2016_scoreresult" VALUES(137,'no_reach','no',0,0,1,0,0,3,0,2,0,0,0,0,1,0,1,'no_move','no_move','no_move','no_move','no_move','no_move','no_move','no_move','no_move','no',0,'',17,37);
INSERT INTO "Scouting2016_scoreresult" VALUES(138,'no_reach','yes',0,0,0,3,0,1,0,0,0,0,2,0,0,0,3,'no_move','no_move','no_move','no_move','no_move','no_move','no_move','no_move','no_move','challenge',0,'',18,33);
INSERT INTO "Scouting2016_scoreresult" VALUES(139,'no_reach','0',0,0,0,0,0,0,0,0,0,0,0,0,0,0,0,'no_move','no_move','no_move','no_move','no_move','no_move','no_move','no_move','no_move','no',0,'',32,18);
INSERT INTO "Scouting2016_scoreresult" VALUES(140,'no_reach','0',0,0,0,0,0,0,0,0,0,0,0,2,0,0,0,'no_move','no_move','no_move','no_move','no_move','no_move','no_move','no_move','no_move','no_points',0,'',32,2);
INSERT INTO "Scouting2016_scoreresult" VALUES(141,'no_reach','0',0,0,0,0,0,3,0,0,0,0,0,0,0,1,3,'no_move','no_move','no_move','no_move','no_move','no_move','no_move','slow','fast','scale',0,'',32,14);
INSERT INTO "Scouting2016_scoreresult" VALUES(142,'no_reach','no',0,0,0,0,0,0,0,0,0,0,0,0,0,0,0,'no_move','no_move','no_move','no_move','no_move','no_move','no_move','no_move','no_move','no',1,'',32,24);
INSERT INTO "Scouting2016_scoreresult" VALUES(143,'no_reach','0',0,0,0,0,0,0,0,0,0,0,0,0,0,0,0,'no_move','no_move','no_move','no_move','no_move','no_move','no_move','no_move','no_move','no',0,'',22,50);
INSERT INTO "Scouting2016_scoreresult" VALUES(144,'no_reach','0',0,0,0,0,0,3,0,0,0,0,0,0,2,0,2,'no_move','no_move','no_move','no_move','no_move','no_move','no_move','no_move','no_move','challenge',0,'',19,7);
INSERT INTO "Scouting2016_scoreresult" VALUES(145,'no_reach','0',0,0,0,0,0,2,0,0,0,0,0,0,2,0,0,'no_move','no_move','no_move','no_move','no_move','no_move','fast','no_move','no_move','challenge',0,'',33,40);
INSERT INTO "Scouting2016_scoreresult" VALUES(146,'no_reach','0',0,0,0,0,0,0,0,0,1,1,0,0,1,0,2,'no_move','no_move','fast','slow','no_move','no_move','fast','no_move','fast','challenge',0,'',33,36);
INSERT INTO "Scouting2016_scoreresult" VALUES(147,'no_reach','no',0,0,0,0,0,2,0,0,0,2,0,0,0,0,0,'no_move','no_move','no_move','no_move','no_move','no_move','no_move','no_move','no_move','no_points',0,'',33,21);
INSERT INTO "Scouting2016_scoreresult" VALUES(148,'no_reach','no',0,0,0,0,0,3,0,0,0,0,0,0,3,0,0,'no_move','no_move','no_move','no_move','no_move','no_move','slow','no_move','no_move','challenge',0,'',33,44);
INSERT INTO "Scouting2016_scoreresult" VALUES(149,'no_reach','no',0,0,0,0,0,2,2,0,0,0,0,2,1,0,1,'no_move','no_move','no_move','no_move','no_move','no_move','no_move','no_move','no_move','challenge',0,'',20,23);
INSERT INTO "Scouting2016_scoreresult" VALUES(150,'no_reach','no',0,0,1,2,0,0,0,0,0,0,0,0,2,0,0,'no_move','no_move','no_move','no_move','no_move','no_move','fast','no_move','no_move','challenge',0,'',22,5);
INSERT INTO "Scouting2016_scoreresult" VALUES(151,'no_reach','no',0,0,0,0,0,2,0,0,0,0,0,0,0,0,0,'no_move','no_move','no_move','no_move','no_move','no_move','no_move','no_move','no_move','challenge',0,'',23,42);
INSERT INTO "Scouting2016_scoreresult" VALUES(152,'no_reach','no',0,0,0,0,0,4,0,0,0,0,0,0,0,0,2,'no_move','no_move','no_move','no_move','no_move','no_move','no_move','no_move','no_move','challenge',0,'',24,12);
INSERT INTO "Scouting2016_scoreresult" VALUES(153,'no_reach','0',0,0,1,4,0,0,0,2,0,0,0,0,0,0,2,'no_move','fast','no_move','no_move','no_move','no_move','no_move','no_move','fast','no',0,'',34,34);
INSERT INTO "Scouting2016_scoreresult" VALUES(154,'no_reach','0',0,0,0,0,3,2,0,0,2,0,0,0,1,0,0,'no_move','no_move','fast','no_move','no_move','no_move','fast','no_move','no_move','challenge',0,'',34,49);
INSERT INTO "Scouting2016_scoreresult" VALUES(155,'no_reach','no',0,0,0,0,0,5,0,2,1,0,0,0,0,0,3,'no_move','fast','no_move','no_move','no_move','no_move','no_move','no_move','fast','challenge',0,'',34,8);
INSERT INTO "Scouting2016_scoreresult" VALUES(156,'no_reach','0',0,0,0,0,2,2,0,0,2,0,0,0,0,0,1,'no_move','no_move','fast','no_move','no_move','no_move','no_move','no_move','fast','challenge',0,'',34,12);
INSERT INTO "Scouting2016_scoreresult" VALUES(157,'no_reach','0',0,0,0,0,0,0,0,0,0,0,0,0,0,0,0,'no_move','no_move','no_move','no_move','no_move','no_move','no_move','no_move','no_move','no',0,'',35,45);
INSERT INTO "Scouting2016_scoreresult" VALUES(158,'no_reach','0',0,0,0,0,1,-1,0,0,0,0,0,0,1,0,2,'no_move','no_move','no_move','no_move','no_move','no_move','no_move','no_move','fast','challenge',0,'',35,35);
INSERT INTO "Scouting2016_scoreresult" VALUES(159,'no_reach','0',0,0,0,0,0,0,0,2,0,0,0,0,0,0,0,'no_move','fast','no_move','no_move','no_move','no_move','no_move','no_move','no_move','no',0,'',36,9);
INSERT INTO "Scouting2016_scoreresult" VALUES(160,'no_reach','0',0,0,0,0,0,5,0,0,1,0,0,0,1,0,0,'no_move','no_move','fast','no_move','no_move','no_move','fast','no_move','no_move','challenge',0,'',35,1);
INSERT INTO "Scouting2016_scoreresult" VALUES(161,'no_reach','no',0,0,0,0,0,0,0,0,0,0,0,0,2,0,1,'no_move','no_move','no_move','no_move','no_move','no_move','no_move','no_move','no_move','challenge',0,'',25,48);
INSERT INTO "Scouting2016_scoreresult" VALUES(162,'no_reach','no',0,0,0,0,1,2,0,0,0,0,0,0,0,0,0,'no_move','no_move','no_move','no_move','no_move','no_move','no_move','no_move','no_move','no_points',0,'',36,38);
INSERT INTO "Scouting2016_scoreresult" VALUES(163,'no_reach','0',0,0,0,0,0,0,0,0,0,0,0,0,0,0,0,'no_move','no_move','no_move','no_move','no_move','no_move','no_move','no_move','no_move','no',1,'',36,24);
INSERT INTO "Scouting2016_scoreresult" VALUES(164,'no_reach','no',0,0,0,0,0,1,0,0,0,2,0,4,2,0,0,'no_move','no_move','no_move','fast','no_move','fast','slow','no_move','no_move','challenge',0,'',36,25);
INSERT INTO "Scouting2016_scoreresult" VALUES(165,'no_reach','0',1,0,0,0,0,3,0,0,0,0,0,0,0,0,1,'no_move','no_move','no_move','no_move','no_move','no_move','no_move','no_move','fast','challenge',0,'',37,14);
INSERT INTO "Scouting2016_scoreresult" VALUES(166,'no_reach','no',0,0,0,0,1,0,0,0,0,1,0,0,3,0,0,'no_move','no_move','no_move','fast','no_move','no_move','fast','no_move','no_move','challenge',0,'',37,36);
INSERT INTO "Scouting2016_scoreresult" VALUES(167,'no_reach','0',0,0,0,0,0,1,0,0,0,0,4,0,0,0,1,'no_move','no_move','no_move','no_move','fast','no_move','no_move','no_move','fast','challenge',0,'',37,19);
INSERT INTO "Scouting2016_scoreresult" VALUES(168,'no_reach','no',0,0,0,0,0,0,0,0,0,0,0,0,0,0,0,'no_move','no_move','no_move','no_move','no_move','no_move','no_move','no_move','no_move','challenge',0,'',37,41);
INSERT INTO "Scouting2016_scoreresult" VALUES(169,'no_reach','no',0,1,0,0,0,1,2,0,0,1,0,0,0,1,1,'fast','no_move','no_move','fast','no_move','no_move','no_move','fast','fast','no',0,'',38,7);
INSERT INTO "Scouting2016_scoreresult" VALUES(170,'no_reach','0',0,0,0,0,0,0,0,0,0,2,0,2,0,0,0,'no_move','no_move','no_move','fast','no_move','fast','no_move','no_move','no_move','challenge',0,'',38,22);
INSERT INTO "Scouting2016_scoreresult" VALUES(171,'no_reach','no',0,0,0,0,0,1,0,0,0,3,0,0,0,0,0,'no_move','no_move','no_move','slow','no_move','no_move','no_move','no_move','no_move','scale',0,'',38,18);
INSERT INTO "Scouting2016_scoreresult" VALUES(172,'no_reach','0',0,0,0,0,0,1,0,0,0,0,0,0,0,2,2,'no_move','no_move','no_move','no_move','no_move','no_move','no_move','fast','fast','no',0,'',38,12);
INSERT INTO "Scouting2016_scoreresult" VALUES(173,'no_reach','no',0,0,0,0,0,0,0,0,0,0,0,0,0,0,2,'no_move','no_move','no_move','no_move','no_move','no_move','no_move','no_move','fast','challenge',1,'',39,42);
INSERT INTO "Scouting2016_scoreresult" VALUES(174,'no_reach','no',0,0,0,0,0,0,0,0,0,0,0,2,1,0,2,'no_move','no_move','no_move','no_move','no_move','fast','fast','no_move','fast','no_points',0,'',39,3);
INSERT INTO "Scouting2016_scoreresult" VALUES(175,'no_reach','0',0,0,0,0,0,3,0,1,0,2,0,0,0,0,0,'no_move','fast','no_move','fast','no_move','no_move','no_move','no_move','no_move','no',0,'',39,10);
INSERT INTO "Scouting2016_scoreresult" VALUES(176,'no_reach','0',0,0,0,0,0,1,0,0,0,0,0,0,0,0,2,'no_move','no_move','no_move','no_move','no_move','no_move','no_move','no_move','fast','no',0,'',40,49);
INSERT INTO "Scouting2016_scoreresult" VALUES(177,'no_reach','no',0,0,0,0,0,2,0,1,0,0,0,0,0,0,4,'no_move','fast','no_move','no_move','no_move','no_move','no_move','no_move','fast','no_points',0,'',40,27);
INSERT INTO "Scouting2016_scoreresult" VALUES(178,'no_reach','no',0,0,0,0,0,0,0,0,0,0,0,1,0,3,0,'no_move','no_move','no_move','no_move','no_move','no_move','no_move','no_move','no_move','no_points',0,'',40,35);
INSERT INTO "Scouting2016_scoreresult" VALUES(179,'no_reach','0',0,0,0,0,0,1,0,0,0,0,0,0,2,1,0,'no_move','no_move','no_move','no_move','no_move','no_move','fast','fast','no_move','challenge',0,'',41,15);
INSERT INTO "Scouting2016_scoreresult" VALUES(180,'no_reach','no',0,1,1,0,0,0,0,0,0,4,0,0,0,0,0,'no_move','no_move','no_move','fast','no_move','no_move','no_move','no_move','no_move','no_points',0,'',41,29);
INSERT INTO "Scouting2016_scoreresult" VALUES(181,'no_reach','no',0,1,1,3,0,0,0,0,0,0,0,0,0,0,2,'no_move','no_move','no_move','no_move','no_move','no_move','no_move','no_move','no_move','challenge',0,'',41,4);
INSERT INTO "Scouting2016_scoreresult" VALUES(182,'no_reach','no',0,0,0,0,0,3,1,0,0,2,0,1,0,0,0,'fast','no_move','no_move','no_move','no_move','no_move','no_move','no_move','no_move','challenge',0,'',41,32);
INSERT INTO "Scouting2016_scoreresult" VALUES(183,'no_reach','no',0,0,0,0,0,0,0,0,0,2,0,0,0,0,2,'no_move','no_move','no_move','fast','no_move','no_move','no_move','no_move','fast','no_points',0,'',42,26);
INSERT INTO "Scouting2016_scoreresult" VALUES(184,'no_reach','0',0,0,0,0,0,0,0,0,0,0,0,0,0,0,0,'no_move','no_move','no_move','no_move','no_move','no_move','no_move','no_move','no_move','no',0,'',42,48);
INSERT INTO "Scouting2016_scoreresult" VALUES(185,'no_reach','no',0,0,0,0,0,4,0,1,0,4,0,0,1,0,0,'no_move','fast','no_move','fast','no_move','no_move','fast','no_move','no_move','no_points',0,'',42,43);
INSERT INTO "Scouting2016_scoreresult" VALUES(186,'no_reach','yes',0,1,0,2,0,0,0,0,0,0,0,0,2,0,2,'no_move','no_move','no_move','no_move','no_move','no_move','fast','no_move','fast','no',0,'',42,33);
INSERT INTO "Scouting2016_scoreresult" VALUES(187,'no_reach','0',0,0,0,0,0,0,0,0,0,0,0,0,0,0,0,'no_move','no_move','no_move','no_move','no_move','no_move','no_move','no_move','no_move','no',0,'',43,45);
INSERT INTO "Scouting2016_scoreresult" VALUES(188,'no_reach','0',0,0,0,0,0,2,0,0,0,0,0,1,0,0,2,'no_move','no_move','no_move','no_move','no_move','fast','no_move','no_move','fast','no',0,'',43,13);
INSERT INTO "Scouting2016_scoreresult" VALUES(189,'no_reach','no',0,0,0,0,0,1,0,0,0,3,0,0,4,0,0,'no_move','no_move','no_move','slow','no_move','no_move','slow','no_move','no_move','no_points',0,'',43,28);
INSERT INTO "Scouting2016_scoreresult" VALUES(190,'no_reach','0',0,0,0,0,1,1,0,0,0,1,0,0,1,0,0,'no_move','no_move','no_move','fast','no_move','no_move','fast','no_move','no_move','no_points',0,'',43,50);
INSERT INTO "Scouting2016_scoreresult" VALUES(191,'no_reach','0',0,0,0,0,1,2,0,0,0,0,0,0,5,0,0,'no_move','no_move','no_move','no_move','no_move','no_move','fast','no_move','no_move','scale',0,'',44,44);
INSERT INTO "Scouting2016_scoreresult" VALUES(192,'no_reach','0',0,0,0,0,1,2,0,0,2,0,0,0,0,0,0,'no_move','no_move','slow','no_move','no_move','no_move','no_move','no_move','no_move','scale',0,'',44,18);
INSERT INTO "Scouting2016_scoreresult" VALUES(193,'no_reach','0',0,0,0,0,0,2,0,1,0,0,0,0,0,0,0,'no_move','no_move','no_move','no_move','no_move','no_move','no_move','no_move','no_move','challenge',0,'',44,38);
INSERT INTO "Scouting2016_scoreresult" VALUES(194,'no_reach','no',0,0,0,0,0,5,0,2,0,4,0,0,2,0,0,'no_move','fast','no_move','fast','no_move','no_move','fast','no_move','no_move','challenge',0,'',44,1);
INSERT INTO "Scouting2016_scoreresult" VALUES(195,'no_reach','0',0,0,0,0,0,4,0,0,0,0,0,0,2,0,0,'no_move','no_move','no_move','no_move','no_move','no_move','fast','no_move','no_move','scale',0,'',45,11);
INSERT INTO "Scouting2016_scoreresult" VALUES(196,'no_reach','no',1,0,0,0,2,1,0,0,1,0,0,5,0,0,0,'no_move','no_move','fast','no_move','no_move','fast','no_move','no_move','no_move','no_points',0,'',45,10);
INSERT INTO "Scouting2016_scoreresult" VALUES(197,'no_reach','0',0,0,0,0,0,0,0,1,0,1,0,1,0,0,0,'no_move','fast','no_move','no_move','no_move','fast','no_move','no_move','no_move','no',0,'',45,19);
INSERT INTO "Scouting2016_scoreresult" VALUES(198,'no_reach','0',0,0,0,0,2,1,0,1,0,0,0,3,0,0,0,'no_move','fast','no_move','no_move','no_move','fast','no_move','no_move','no_move','challenge',0,'',6,27);
INSERT INTO "Scouting2016_scoreresult" VALUES(199,'no_reach','no',0,0,0,0,3,6,0,0,0,0,0,0,3,0,3,'no_move','no_move','no_move','no_move','no_move','no_move','fast','no_move','fast','challenge',0,'',6,9);
INSERT INTO "Scouting2016_scoreresult" VALUES(200,'no_reach','no',0,0,0,0,0,0,0,0,0,0,0,0,0,0,0,'no_move','no_move','no_move','no_move','no_move','no_move','no_move','no_move','no_move','no_points',1,'',10,24);
INSERT INTO "Scouting2016_scoreresult" VALUES(201,'no_reach','no',0,0,0,0,0,0,0,0,0,0,0,0,0,0,0,'no_move','no_move','no_move','no_move','no_move','no_move','no_move','no_move','no_move','no_points',0,'',46,45);
INSERT INTO "Scouting2016_scoreresult" VALUES(202,'no_reach','yes',0,0,0,2,0,0,0,2,0,0,0,0,0,0,2,'no_move','fast','no_move','no_move','no_move','no_move','no_move','no_move','fast','challenge',0,'',36,33);
INSERT INTO "Scouting2016_scoreresult" VALUES(203,'no_reach','no',0,0,0,0,0,0,0,0,0,2,0,0,0,0,1,'no_move','no_move','no_move','no_move','no_move','no_move','no_move','no_move','no_move','challenge',0,'',46,42);
INSERT INTO "Scouting2016_scoreresult" VALUES(204,'no_reach','0',0,0,1,0,0,1,0,2,0,0,0,2,0,0,0,'no_move','fast','no_move','no_move','no_move','fast','no_move','no_move','no_move','challenge',0,'',46,40);
INSERT INTO "Scouting2016_scoreresult" VALUES(205,'no_reach','0',0,0,0,1,0,3,0,0,0,0,0,0,0,0,4,'no_move','no_move','no_move','no_move','no_move','no_move','no_move','no_move','fast','challenge',0,'',46,34);
INSERT INTO "Scouting2016_scoreresult" VALUES(206,'no_reach','yes',1,0,3,1,0,2,2,0,0,2,0,0,0,0,1,'fast','no_move','no_move','fast','no_move','no_move','no_move','no_move','fast','challenge',0,'',37,46);
INSERT INTO "Scouting2016_scoreresult" VALUES(207,'no_reach','no',0,0,0,0,1,0,0,1,0,0,0,0,0,0,2,'no_move','fast','no_move','no_move','no_move','no_move','no_move','no_move','fast','challenge',0,'',38,21);
INSERT INTO "Scouting2016_scoreresult" VALUES(208,'no_reach','yes',0,0,0,0,0,0,0,0,0,0,0,0,2,0,0,'no_move','no_move','no_move','no_move','no_move','no_move','fast','no_move','no_move','no_points',0,'',39,9);
INSERT INTO "Scouting2016_scoreresult" VALUES(209,'no_reach','no',0,1,0,5,0,0,0,0,0,0,0,0,0,0,5,'no_move','no_move','no_move','no_move','no_move','no_move','no_move','no_move','fast','challenge',0,'',41,34);
INSERT INTO "Scouting2016_scoreresult" VALUES(210,'no_reach','0',-1,0,0,0,0,2,0,0,0,0,0,0,4,0,0,'no_move','no_move','no_move','slow','no_move','no_move','fast','no_move','fast','scale',0,'',47,44);
INSERT INTO "Scouting2016_scoreresult" VALUES(211,'no_reach','0',0,0,0,0,0,0,0,0,0,0,0,0,0,0,0,'no_move','no_move','no_move','no_move','no_move','no_move','no_move','no_move','no_move','no_points',0,'',41,31);
INSERT INTO "Scouting2016_scoreresult" VALUES(212,'no_reach','0',0,0,0,0,1,0,0,0,0,0,0,0,3,0,0,'no_move','no_move','no_move','no_move','no_move','no_move','slow','no_move','no_move','challenge',0,'',47,5);
INSERT INTO "Scouting2016_scoreresult" VALUES(213,'no_reach','0',0,0,0,0,0,6,2,0,0,0,0,0,0,0,5,'fast','no_move','no_move','no_move','no_move','no_move','no_move','no_move','fast','challenge',0,'',47,37);
INSERT INTO "Scouting2016_scoreresult" VALUES(214,'no_reach','0',0,0,0,0,0,1,0,2,0,0,0,0,0,0,3,'no_move','fast','no_move','no_move','no_move','no_move','no_move','no_move','fast','challenge',0,'',47,16);
INSERT INTO "Scouting2016_scoreresult" VALUES(215,'no_reach','0',0,0,1,0,0,2,0,2,0,0,0,0,0,0,2,'no_move','fast','no_move','no_move','no_move','no_move','no_move','no_move','fast','challenge',0,'',42,37);
INSERT INTO "Scouting2016_scoreresult" VALUES(216,'no_reach','yes',0,0,1,0,0,0,0,0,0,0,0,0,0,0,0,'no_move','no_move','no_move','no_move','no_move','no_move','no_move','no_move','no_move','challenge',0,'',43,5);
INSERT INTO "Scouting2016_scoreresult" VALUES(217,'no_reach','0',0,0,0,0,1,2,0,0,0,0,0,0,0,0,4,'no_move','no_move','no_move','no_move','no_move','no_move','no_move','no_move','no_move','no_points',0,'',44,23);
INSERT INTO "Scouting2016_scoreresult" VALUES(218,'no_reach','no',0,0,0,0,0,2,0,0,0,0,0,0,3,0,0,'no_move','no_move','no_move','no_move','no_move','no_move','fast','no_move','no_move','challenge',0,'',45,25);
INSERT INTO "Scouting2016_scoreresult" VALUES(219,'no_reach','no',0,0,0,0,0,2,0,1,0,0,0,0,0,0,3,'no_move','no_move','no_move','no_move','no_move','no_move','no_move','no_move','fast','no_points',0,'',48,28);
INSERT INTO "Scouting2016_scoreresult" VALUES(220,'no_reach','0',0,0,0,0,0,0,0,0,0,2,0,0,0,0,2,'no_move','no_move','no_move','fast','no_move','no_move','no_move','no_move','fast','challenge',0,'',48,35);
INSERT INTO "Scouting2016_scoreresult" VALUES(221,'no_reach','no',0,0,0,0,0,2,0,0,0,4,0,0,0,0,0,'no_move','no_move','no_move','fast','no_move','no_move','no_move','no_move','no_move','scale',0,'',48,41);
INSERT INTO "Scouting2016_scoreresult" VALUES(222,'no_reach','no',0,0,0,4,0,0,0,0,0,2,0,0,0,0,3,'no_move','no_move','no_move','fast','no_move','no_move','no_move','no_move','fast','no_points',0,'',45,4);
INSERT INTO "Scouting2016_scoreresult" VALUES(223,'no_reach','no',0,0,0,0,-1,1,0,0,0,0,0,0,0,0,2,'no_move','no_move','no_move','no_move','no_move','no_move','no_move','no_move','fast','challenge',0,'',11,43);
INSERT INTO "Scouting2016_scoreresult" VALUES(224,'no_reach','yes',0,1,1,1,0,0,0,0,0,1,0,0,0,0,1,'no_move','no_move','no_move','no_move','no_move','no_move','no_move','no_move','no_move','challenge',0,'',49,33);
INSERT INTO "Scouting2016_scoreresult" VALUES(225,'no_reach','0',0,0,0,0,0,1,0,0,8,2,0,4,0,0,0,'no_move','no_move','fast','fast','no_move','fast','no_move','no_move','no_move','challenge',0,'',49,20);
INSERT INTO "Scouting2016_scoreresult" VALUES(226,'no_reach','0',0,0,0,0,0,2,0,0,0,0,0,0,0,1,3,'no_move','no_move','no_move','no_move','no_move','no_move','no_move','no_move','no_move','no_points',0,'',49,21);
INSERT INTO "Scouting2016_scoreresult" VALUES(227,'no_reach','0',0,0,0,0,0,0,0,0,0,0,0,0,1,0,0,'no_move','no_move','no_move','no_move','no_move','no_move','no_move','no_move','no_move','no',0,'',50,36);
INSERT INTO "Scouting2016_scoreresult" VALUES(228,'no_reach','no',0,0,0,0,0,2,0,0,0,1,0,0,0,0,2,'no_move','no_move','no_move','slow','no_move','no_move','no_move','no_move','fast','challenge',0,'',50,23);
INSERT INTO "Scouting2016_scoreresult" VALUES(229,'no_reach','no',0,0,0,0,0,3,3,0,0,3,0,0,0,0,1,'fast','no_move','no_move','fast','no_move','no_move','no_move','no_move','no_move','challenge',0,'',50,8);
INSERT INTO "Scouting2016_scoreresult" VALUES(230,'no_reach','0',0,0,0,0,0,2,0,0,0,0,0,0,7,0,0,'no_move','no_move','no_move','no_move','no_move','no_move','no_move','no_move','no_move','challenge',0,'',50,3);
INSERT INTO "Scouting2016_scoreresult" VALUES(231,'no_reach','0',0,0,0,2,0,1,0,0,0,0,0,0,0,1,6,'no_move','no_move','no_move','no_move','no_move','no_move','no_move','no_move','no_move','challenge',0,'',51,30);
INSERT INTO "Scouting2016_scoreresult" VALUES(232,'no_reach','no',0,0,0,0,0,2,2,0,0,0,0,1,0,3,1,'fast','no_move','no_move','no_move','no_move','fast','no_move','fast','fast','challenge',0,'',51,32);
INSERT INTO "Scouting2016_scoreresult" VALUES(233,'no_reach','0',0,0,0,0,1,2,0,0,0,0,0,0,0,1,1,'no_move','no_move','no_move','no_move','no_move','no_move','no_move','no_move','no_move','challenge',0,'',51,39);
INSERT INTO "Scouting2016_scoreresult" VALUES(234,'no_reach','0',0,0,0,0,0,1,0,0,2,0,0,0,0,0,0,'no_move','no_move','no_move','no_move','no_move','no_move','no_move','no_move','no_move','no_points',0,'',52,38);
INSERT INTO "Scouting2016_scoreresult" VALUES(235,'no_reach','0',0,0,0,0,0,1,0,0,2,0,0,0,0,4,0,'no_move','no_move','no_move','no_move','no_move','no_move','no_move','no_move','no_move','challenge',0,'',52,28);
INSERT INTO "Scouting2016_scoreresult" VALUES(236,'no_reach','no',0,0,0,0,0,2,0,0,2,2,0,0,0,0,0,'no_move','no_move','no_move','fast','no_move','no_move','no_move','no_move','no_move','challenge',0,'',52,10);
INSERT INTO "Scouting2016_scoreresult" VALUES(237,'no_reach','yes',0,0,1,1,0,0,1,0,0,0,0,0,0,6,1,'slow','no_move','no_move','no_move','no_move','no_move','no_move','fast','no_move','no_points',0,'',53,7);
INSERT INTO "Scouting2016_scoreresult" VALUES(238,'no_reach','no',0,0,0,0,0,0,0,0,0,0,0,0,0,0,5,'no_move','no_move','no_move','no_move','no_move','no_move','no_move','no_move','fast','challenge',0,'',53,42);
INSERT INTO "Scouting2016_scoreresult" VALUES(239,'no_reach','0',0,0,0,0,0,0,0,0,0,0,0,0,0,0,0,'no_move','no_move','no_move','no_move','no_move','no_move','no_move','no_move','no_move','challenge',0,'',53,43);
INSERT INTO "Scouting2016_scoreresult" VALUES(240,'no_reach','no',0,0,0,0,0,4,0,1,0,0,0,0,0,6,1,'no_move','fast','no_move','no_move','no_move','no_move','no_move','fast','fast','scale',0,'',54,11);
INSERT INTO "Scouting2016_scoreresult" VALUES(241,'no_reach','0',0,0,0,0,1,1,0,0,2,0,0,0,0,1,0,'no_move','no_move','no_move','no_move','no_move','no_move','no_move','fast','no_move','challenge',0,'',54,15);
INSERT INTO "Scouting2016_scoreresult" VALUES(242,'no_reach','0',0,1,0,0,0,0,0,0,0,0,0,0,0,0,0,'no_move','no_move','no_move','no_move','no_move','no_move','no_move','no_move','no_move','no_points',0,'',54,31);
INSERT INTO "Scouting2016_scoreresult" VALUES(243,'no_reach','0',0,0,0,3,0,0,0,0,0,0,0,0,0,0,3,'no_move','no_move','no_move','no_move','no_move','no_move','no_move','no_move','fast','challenge',0,'',55,30);
INSERT INTO "Scouting2016_scoreresult" VALUES(244,'no_reach','no',0,0,0,0,0,1,0,0,0,2,0,0,0,0,0,'no_move','no_move','no_move','no_move','no_move','no_move','no_move','no_move','no_move','challenge',0,'',55,49);
INSERT INTO "Scouting2016_scoreresult" VALUES(245,'no_reach','yes',0,1,0,3,0,0,0,2,0,1,0,0,0,3,0,'no_move','fast','no_move','fast','no_move','no_move','no_move','fast','no_move','challenge',0,'',55,33);
INSERT INTO "Scouting2016_scoreresult" VALUES(246,'no_reach','0',0,0,0,0,0,0,0,1,0,0,0,0,0,0,2,'no_move','no_move','no_move','no_move','no_move','no_move','no_move','no_move','no_move','challenge',0,'',55,29);
INSERT INTO "Scouting2016_scoreresult" VALUES(247,'no_reach','0',0,0,0,4,0,0,0,0,0,0,0,0,0,0,7,'no_move','no_move','no_move','no_move','no_move','no_move','no_move','no_move','no_move','challenge',0,'',56,26);
INSERT INTO "Scouting2016_scoreresult" VALUES(248,'no_reach','0',0,0,0,0,0,0,0,0,0,0,0,0,0,0,0,'no_move','no_move','no_move','no_move','no_move','no_move','no_move','no_move','no_move','no',0,'',56,5);
INSERT INTO "Scouting2016_scoreresult" VALUES(249,'no_reach','0',0,0,0,3,0,0,0,1,1,0,0,0,0,1,0,'no_move','fast','fast','no_move','no_move','no_move','no_move','fast','no_move','challenge',0,'',56,46);
INSERT INTO "Scouting2016_scoreresult" VALUES(250,'no_reach','no',0,0,0,0,0,4,0,2,0,2,0,0,0,5,0,'no_move','slow','no_move','fast','no_move','no_move','no_move','fast','no_move','challenge',0,'',56,1);
INSERT INTO "Scouting2016_scoreresult" VALUES(251,'no_reach','no',0,0,0,0,1,3,0,1,0,0,0,0,0,0,5,'no_move','fast','no_move','no_move','no_move','no_move','no_move','no_move','fast','challenge',0,'',57,37);
INSERT INTO "Scouting2016_scoreresult" VALUES(252,'no_reach','0',0,0,0,0,1,0,0,0,2,0,0,0,0,2,2,'no_move','no_move','no_move','no_move','no_move','no_move','no_move','no_move','no_move','challenge',0,'',57,48);
INSERT INTO "Scouting2016_scoreresult" VALUES(253,'no_reach','no',0,0,2,2,0,0,0,1,0,0,0,0,0,1,1,'no_move','slow','no_move','no_move','no_move','no_move','no_move','fast','fast','challenge',0,'',57,4);
INSERT INTO "Scouting2016_scoreresult" VALUES(254,'no_reach','0',0,0,0,0,0,1,0,1,0,0,0,0,0,2,0,'no_move','no_move','no_move','no_move','no_move','no_move','no_move','no_move','no_move','challenge',0,'',57,25);
INSERT INTO "Scouting2016_scoreresult" VALUES(255,'no_reach','0',0,0,0,0,0,1,0,0,0,0,0,0,0,2,0,'no_move','no_move','no_move','no_move','no_move','no_move','no_move','no_move','no_move','challenge',0,'',58,20);
INSERT INTO "Scouting2016_scoreresult" VALUES(256,'no_reach','no',0,0,0,0,1,3,0,2,0,5,0,0,0,1,4,'no_move','fast','no_move','fast','no_move','no_move','no_move','fast','fast','challenge',0,'',58,9);
INSERT INTO "Scouting2016_scoreresult" VALUES(257,'no_reach','0',0,0,0,0,0,1,0,0,0,0,1,0,0,2,1,'no_move','no_move','no_move','no_move','slow','no_move','no_move','fast','fast','no_points',0,'',58,21);
INSERT INTO "Scouting2016_scoreresult" VALUES(258,'no_reach','0',0,0,0,0,0,2,0,1,2,0,0,0,0,0,0,'no_move','no_move','fast','no_move','no_move','no_move','no_move','no_move','no_move','challenge',0,'',58,8);
INSERT INTO "Scouting2016_scoreresult" VALUES(259,'no_reach','no',0,0,0,0,0,0,0,0,0,0,0,0,0,0,1,'no_move','no_move','no_move','no_move','no_move','no_move','no_move','no_move','fast','challenge',0,'',58,6);
INSERT INTO "Scouting2016_scoreresult" VALUES(260,'no_reach','no',0,0,0,0,1,2,0,1,1,0,0,0,1,0,0,'no_move','fast','fast','no_move','no_move','no_move','fast','no_move','no_move','challenge',0,'',59,32);
INSERT INTO "Scouting2016_scoreresult" VALUES(261,'no_reach','no',0,0,0,0,0,4,0,0,0,2,0,4,0,0,3,'no_move','no_move','no_move','slow','no_move','fast','no_move','no_move','fast','challenge',0,'',59,50);
INSERT INTO "Scouting2016_scoreresult" VALUES(262,'no_reach','0',0,0,0,0,0,0,0,0,0,3,0,0,4,0,0,'no_move','no_move','no_move','no_move','no_move','no_move','no_move','no_move','no_move','challenge',0,'',59,3);
INSERT INTO "Scouting2016_scoreresult" VALUES(263,'no_reach','0',0,0,0,0,0,3,0,0,1,0,0,0,0,0,0,'no_move','no_move','no_move','no_move','no_move','no_move','no_move','no_move','no_move','scale',0,'',59,41);
INSERT INTO "Scouting2016_scoreresult" VALUES(264,'no_reach','no',0,0,0,0,3,2,0,0,2,0,0,0,0,0,0,'no_move','no_move','fast','no_move','no_move','no_move','no_move','no_move','no_move','scale',0,'',59,44);
INSERT INTO "Scouting2016_scoreresult" VALUES(265,'no_reach','yes',0,0,0,0,0,0,0,0,0,0,0,0,0,0,0,'no_move','no_move','no_move','no_move','no_move','no_move','no_move','no_move','no_move','challenge',0,'',60,2);
INSERT INTO "Scouting2016_scoreresult" VALUES(266,'no_reach','no',0,0,0,0,1,0,0,0,0,0,0,0,4,0,0,'no_move','no_move','no_move','no_move','no_move','no_move','fast','no_move','no_move','challenge',0,'',60,12);
INSERT INTO "Scouting2016_scoreresult" VALUES(267,'no_reach','0',1,0,0,0,0,4,0,0,2,0,0,0,0,0,1,'no_move','no_move','no_move','no_move','no_move','no_move','no_move','no_move','no_move','scale',0,'',60,11);
INSERT INTO "Scouting2016_scoreresult" VALUES(268,'no_reach','0',0,0,1,4,0,1,0,2,0,0,0,0,0,0,3,'no_move','no_move','no_move','no_move','no_move','no_move','no_move','no_move','no_move','no',0,'',60,35);
INSERT INTO "Scouting2016_scoreresult" VALUES(269,'no_reach','yes',0,1,0,0,0,2,0,0,0,0,0,0,0,0,4,'no_move','no_move','no_move','no_move','no_move','no_move','no_move','no_move','no_move','challenge',0,'',61,43);
INSERT INTO "Scouting2016_scoreresult" VALUES(270,'no_reach','no',0,1,0,0,0,0,0,0,0,0,0,0,0,0,4,'no_move','no_move','no_move','no_move','no_move','no_move','no_move','no_move','fast','challenge',0,'',61,42);
INSERT INTO "Scouting2016_scoreresult" VALUES(271,'no_reach','no',0,0,0,0,0,0,0,0,0,0,0,0,0,1,0,'no_move','no_move','no_move','no_move','no_move','no_move','no_move','slow','no_move','no_points',0,'',61,24);
INSERT INTO "Scouting2016_scoreresult" VALUES(272,'no_reach','no',0,0,0,0,0,2,0,0,0,1,0,0,0,3,2,'no_move','no_move','no_move','fast','no_move','no_move','no_move','fast','fast','challenge',0,'',61,39);
INSERT INTO "Scouting2016_scoreresult" VALUES(273,'no_reach','no',0,0,0,0,0,0,0,0,2,0,0,0,1,0,0,'no_move','no_move','fast','no_move','no_move','no_move','fast','no_move','no_move','challenge',0,'',61,36);
INSERT INTO "Scouting2016_scoreresult" VALUES(274,'no_reach','yes',0,-1,0,0,0,4,0,0,0,0,0,0,0,0,8,'no_move','no_move','no_move','no_move','no_move','no_move','no_move','no_move','no_move','no_points',0,'',62,7);
INSERT INTO "Scouting2016_scoreresult" VALUES(275,'no_reach','no',0,0,0,0,1,3,0,0,4,0,0,0,0,0,0,'no_move','no_move','fast','no_move','no_move','no_move','no_move','no_move','no_move','challenge',0,'',62,38);
INSERT INTO "Scouting2016_scoreresult" VALUES(276,'no_reach','0',0,0,0,0,0,2,0,2,1,0,0,0,0,0,0,'no_move','fast','fast','no_move','no_move','no_move','no_move','no_move','no_move','challenge',0,'',62,27);
INSERT INTO "Scouting2016_scoreresult" VALUES(277,'no_reach','0',0,0,0,4,0,0,0,0,0,0,0,0,0,0,5,'no_move','no_move','no_move','no_move','no_move','no_move','no_move','no_move','fast','no',0,'',62,26);
INSERT INTO "Scouting2016_scoreresult" VALUES(278,'no_reach','no',0,-1,0,5,0,0,0,0,2,0,0,0,2,0,0,'no_move','no_move','fast','no_move','no_move','no_move','fast','no_move','no_move','challenge',0,'',62,31);
INSERT INTO "Scouting2016_scoreresult" VALUES(279,'no_reach','0',0,0,0,0,0,5,0,1,0,0,0,0,4,0,0,'no_move','fast','no_move','no_move','no_move','no_move','fast','no_move','no_move','challenge',0,'',63,37);
INSERT INTO "Scouting2016_scoreresult" VALUES(280,'no_reach','no',0,0,0,0,0,1,0,1,0,0,0,2,0,0,1,'no_move','fast','no_move','no_move','no_move','fast','no_move','no_move','fast','challenge',0,'',63,40);
INSERT INTO "Scouting2016_scoreresult" VALUES(281,'no_reach','0',0,0,0,0,1,1,0,0,0,3,0,0,4,0,0,'no_move','no_move','no_move','no_move','no_move','no_move','no_move','no_move','no_move','scale',0,'',63,3);
INSERT INTO "Scouting2016_scoreresult" VALUES(282,'no_reach','0',0,0,1,2,0,0,0,0,0,0,0,0,0,0,2,'no_move','no_move','no_move','no_move','no_move','no_move','no_move','no_move','fast','no_points',0,'',63,30);
INSERT INTO "Scouting2016_scoreresult" VALUES(283,'no_reach','0',0,0,0,0,0,0,0,1,1,0,0,0,0,0,0,'no_move','fast','slow','no_move','no_move','no_move','no_move','no_move','no_move','no',0,'',63,9);
CREATE TABLE "Scouting2016_team" ("id" integer NOT NULL PRIMARY KEY AUTOINCREMENT, "teamNumber" integer NOT NULL, "teamOrganized" varchar(1000) NOT NULL, "teamLikeable" varchar(1000) NOT NULL, "teamSwag" varchar(1000) NOT NULL, "teamAwards" varchar(1000) NOT NULL, "teamOperational" varchar(3) NOT NULL, "teamOperationProblems" varchar(1000) NOT NULL, "teamFirstYear" varchar(3) NOT NULL, "teamAlly174" varchar(3) NOT NULL, "Auto" varchar(1000) NOT NULL, "ScoreHigh" varchar(1000) NOT NULL, "ScoreLow" varchar(1000) NOT NULL, "cheval" varchar(1000) NOT NULL, "drawbridge" varchar(1000) NOT NULL, "drive" varchar(1000) NOT NULL, "lowBar" varchar(1000) NOT NULL, "moat" varchar(1000) NOT NULL, "portcullis" varchar(1000) NOT NULL, "ramparts" varchar(1000) NOT NULL, "rockwall" varchar(1000) NOT NULL, "rough" varchar(1000) NOT NULL, "sally" varchar(1000) NOT NULL, "scale" varchar(1000) NOT NULL, "teamAlliances" varchar(1000) NOT NULL, "bookmark" varchar(1000) NOT NULL, "teamHomepage" varchar(2000) NOT NULL);
INSERT INTO "Scouting2016_team" VALUES(1,20,'Yes seemed legit; very organized','Yes; many people available to answer questions','Cross anything but chival de frise and category C and shoot in high goal','','yes','','1992','no','yes','yes','yes','yes','yes','no','yes','yes','yes','yes','yes','yes','yes','no','no','no','http://www.team20.com');
INSERT INTO "Scouting2016_team" VALUES(2,73,'There were 2 kids working on robot, seemed disprganized','The people there were very unresponsive- kind of just didn''t respond to questions about bot/didn''t know
','','','no','I''m not sure; looked like they were fixing drive train
','1995','no','no','no','no','no','no','no','no','no','no','no','no','no','no','no','no','no','http://www.edison73.com');
INSERT INTO "Scouting2016_team" VALUES(3,174,'Great ','Focused but open ','It is able to cross defenses we can trust ','Yes
1) 2014 ','yes','','1998','yes','yes','no','yes','yes','yes','yes','yes','yes','yes','yes','yes','yes','yes','yes','no','yes','http://www.snobot.org/');
INSERT INTO "Scouting2016_team" VALUES(4,191,'Ye . Function + Dece','Very kind gave button','Cross def and shoot, low accuracu','Did well at regionals','yes','','1992','yes','no','yes','yes','yes','no','no','yes','yes','yes','yes','yes','yes','no','no','Finish breaching','no','http://www.x-cats.org');
INSERT INTO "Scouting2016_team" VALUES(5,250,'Yes','Yes','Cross some obstacles','Quarterfinals at RT','yes','','1999','yes','no','yes','yes','yes','no','no','yes','yes','yes','yes','yes','yes','yes','no','Finish breaching','no','NA');
INSERT INTO "Scouting2016_team" VALUES(6,271,'Very organized','Very jice','Cross. ','----','yes','','1999','yes','no','yes','yes','no','yes','no','yes','yes','yes','yes','yes','yes','no','no','Nein strategem','no','http://www2.bayshoreschools.org/robotics/');
INSERT INTO "Scouting2016_team" VALUES(7,340,'Orgenized','Open and nice','Shoot high (spy) cross','','yes','','2000','yes','yes','yes','yes','yes','yes','no','yes','yes','yes','yes','yes','yes','yes','no','High goal, crossinf','no','http://www.team340.org/');
INSERT INTO "Scouting2016_team" VALUES(8,378,'Looked good','Nice and open','Cross some','20th at puttsburgh','yes','','2000','yes','no','no','yes','yes','no','no','yes','yes','yes','yes','yes','yes','yes','no','Scaling high shooter','no','http://www.circuitstompers.org/');
INSERT INTO "Scouting2016_team" VALUES(9,395,'Yes; organized and cool','Very accommodating','Cross defense and leave ball in courtyard, then cross back to neural zone. No preference for auto or teleop','','yes','They took off scaler arm today','2000','no','yes','no','yes','yes','no','no','yes','yes','yes','yes','yes','yes','no','no','No','no','http://2trainrobotics.org ');
INSERT INTO "Scouting2016_team" VALUES(10,578,'Organized and working','Yes, very nice
','Cross any but portcullis chival drawbridge or Sally port and attempt to score','Finalist at NYC','yes','Need to test a scaling mechanism
','2001','no','yes','no','yes','yes','no','no','yes','yes','yes','yes','yes','yes','no','no','no','no','www.fairportrobotics.org');
INSERT INTO "Scouting2016_team" VALUES(11,639,'','','Drive over driving defenses and then come back into neutral zone; hope to shoot','Placed badly at seeding matches','yes','Fixing scaling mechanism','2001','no','yes','no','yes','yes','yes','yes','yes','yes','yes','yes','yes','yes','yes','yes','no','no','http://team639.org/');
INSERT INTO "Scouting2016_team" VALUES(12,810,'Yes the person was very noice and the pit seemed legit','Yes very quality','Cross any defense and shoot in low goal','First regional for this game
','no','Replacing pulleys on arms for defenses','2002','no','yes','no','yes','yes','yes','no','yes','yes','yes','yes','yes','yes','yes','yes','no','no','http://www.smithtownrobotics.com');
INSERT INTO "Scouting2016_team" VALUES(13,1126,'Well organized with good work ','Yes quality leadership and people','Cross defense; score after low bar only','Winner of Pittsburgh ','yes','Working on scaling and autonomous modes','2003','yes','yes','no','yes','yes','yes','no','yes','yes','yes','yes','yes','yes','yes','no','Other low goal scorers with scaling with good defense and crossing defenses
','no','http://www.gosparx.org');
INSERT INTO "Scouting2016_team" VALUES(14,1405,'Well organized and looked good','Yes kind and open','Cross low bar into low goal','','yes','Just fixing a system on the drive train','2004','yes','yes','no','yes','yes','yes','no','yes','yes','yes','yes','yes','yes','yes','yes','','no','https://sites.google.com/a/finneyschool.org/finney-robotics-1405/');
INSERT INTO "Scouting2016_team" VALUES(15,1450,'Looked good','They were nice and open and gave me a button','Cross anything but cat. C or low bar and then shoot','Didn''t do well at last regional','yes','','2004','yes','yes','no','yes','yes','yes','no','no','yes','yes','yes','yes','yes','yes','no','Doesn''t have many specifications for alliance partners','no','http://www.xq-robotix.com');
INSERT INTO "Scouting2016_team" VALUES(16,1507,'Seemed okay','Yes they were very open','Cross any defense that it can and then score low','','yes','','2005','yes','yes','no','yes','yes','no','no','yes','yes','yes','yes','yes','yes','no','no','Any team with scaler','no','http://www.warlocks1507.com');
INSERT INTO "Scouting2016_team" VALUES(17,1511,'Very busy, but organized','Not as much; many team members not available to talk to me
','Cross rough terrain or low bar ','Finalists at regional + chairman''s award','yes','','2005','no','yes','no','yes','yes','no','no','yes','yes','yes','yes','yes','yes','no','yes','no','no','http://www.penfieldrobotics.com/');
INSERT INTO "Scouting2016_team" VALUES(18,1518,'Yes but very unpopulated ','Very friendly ','Cross the defenses but not shoot','2011 finger lakes regional ','yes','','2005','yes','yes','no','no','no','no','yes','no','yes','no','yes','yes','no','no','no','Any team that can go under the low bar ','no','www.palmacfirst.org');
INSERT INTO "Scouting2016_team" VALUES(19,1551,'Very 
','Yes ','Drive over rough terrian, lowbar, and moat ','Judges award, professionalism award','yes','','2005','yes','yes','yes','yes','yes','yes','yes','yes','yes','yes','yes','yes','yes','no','yes','Shooters ','no','http://www.team1551.org');
INSERT INTO "Scouting2016_team" VALUES(20,1559,'Yes and yes ','Yes ','Cross a majority of defenses
Lowbar, rock wall, rough terrian, and ramparts ','Buckeye regional 2011
Finger lakes in 2013 
Greater lakes region winner2016','yes','Could possibly have climber ','2005','yes','yes','yes','no','yes','yes','yes','yes','yes','no','yes','yes','yes','yes','no','Breaching and capturing. Looks for goals ','no','www.victorrobotics.org');
INSERT INTO "Scouting2016_team" VALUES(21,1585,'Not extremely organized but functional ','Not bery friendly and seemed clueless ','Could not describe ','Didn''t know ','no','Needed to adjust systems to get over defenses ','2005','no','no','no','no','no','no','no','yes','no','no','no','no','no','no','no','no','no','www.redjacketrobotics.org');
INSERT INTO "Scouting2016_team" VALUES(22,1591,'Not very organized but seemed functional ','Extremely ','Everything ','No','yes','','2005','yes','yes','yes','yes','yes','yes','yes','no','yes','yes','yes','yes','yes','yes','yes','Anybody that can shoot high and go under the low bar ','no','http://www.greecerobotics.com/');
INSERT INTO "Scouting2016_team" VALUES(23,1665,'Yes ','Yes','Drive up to low bar and cross it ','Wildcard award ','no','Still
Needed to get climbing arm on ','2005','yes','yes','yes','no','no','yes','no','no','no','yes','no','no','yes','yes','no','Anybody that can scale and shoot','no','http://hhsteam1665.com/');
INSERT INTO "Scouting2016_team" VALUES(24,1765,'Yes','Open, but not amicable','','','yes','','2006','no','no','yes','yes','yes','yes','yes','yes','yes','yes','yes','yes','yes','yes','no','Anyone','no','http://www.team1765.com');
INSERT INTO "Scouting2016_team" VALUES(25,1880,'Yes','Very','Rock wall','Chairmans','yes','','2006','yes','no','yes','yes','yes','yes','no','yes','yes','yes','yes','yes','yes','no','no','no','no','http://ehtprobotics.org/');
INSERT INTO "Scouting2016_team" VALUES(26,2010,'Organized','Extremely','Rough terrain and low bar','Safety award & rookie all star','yes','','2007','yes','no','yes','no','no','no','yes','yes','no','no','no','yes','yes','yes','no','no','no','http://www.chs-robotics.org');
INSERT INTO "Scouting2016_team" VALUES(27,2228,'Organized but robot was out','Extremely','Everything except cheval, drawbridge, sallyport. Non during teleop','Safety awards
Rookie','yes','','2007','yes','no','yes','yes','yes','no','no','yes','yes','yes','yes','yes','yes','no','no','no
Score well(high)
Defense','no','http://www.hflrobotics.com/');
INSERT INTO "Scouting2016_team" VALUES(28,2340,'','','','','','','2008','2','no','no','no','no','no','no','no','no','no','no','no','no','no','no','no','no','http://www.team2340.org/');
INSERT INTO "Scouting2016_team" VALUES(29,2383,'Yes','Extremely','2 auto modes per defense minus sallyport and drawbridge','2015 south florida winners
2016 orlando finalists','yes','','2008','yes','yes','yes','yes','yes','yes','yes','yes','yes','yes','yes','yes','yes','yes','no','no
Good breaching
Scaling','no','http://team2383.com/');
INSERT INTO "Scouting2016_team" VALUES(30,2638,'','','Low bar
B defenses ','Regional
Woodie
Spirit
Chairman
Engineering','no','','2008','no','no','no','no','no','no','no','no','no','no','no','no','no','no','no','no','no','http://www.gnsrobotics.com/');
INSERT INTO "Scouting2016_team" VALUES(31,2791,'Very','Ectremely','High shooter from rock wall','Quality 2015','yes','','2009','yes','no','yes','yes','yes','no','no','yes','yes','no','yes','yes','yes','yes','no','Scaling & Hugh goal','no','http://www.team2791.org');
INSERT INTO "Scouting2016_team" VALUES(32,2809,'','','','','','','2009','2','no','no','no','no','no','no','no','no','no','no','no','no','no','no','no','no','http://kbotics.ca');
INSERT INTO "Scouting2016_team" VALUES(33,3003,'Pit was crowded but organized','Very','Spy bot
High goal
Drive under low bar','Excellence in engineering
Woodie flowers','yes','','2009','yes','yes','yes','yes','yes','yes','no','yes','yes','yes','yes','yes','yes','yes','yes','no
Breach defenses
Challenging a tower
High goal shooting','no','www.tanxrobotics.com');
INSERT INTO "Scouting2016_team" VALUES(34,3015,'','','','','','','2009','2','no','no','no','no','no','no','no','no','no','no','no','no','no','no','no','no','http://rangerrobot.com/');
INSERT INTO "Scouting2016_team" VALUES(35,3044,'','','','','','','2009','2','no','no','no','no','no','no','no','no','no','no','no','no','no','no','no','no','http://www.team3044.com');
INSERT INTO "Scouting2016_team" VALUES(36,3157,'Looked organized, seemed nice','Yes, very nice people','Move towards defense, maybe low bar','2015 Design award','yes','Exception: no auto','2010','no','no','no','yes','yes','yes','yes','yes','yes','yes','yes','yes','yes','yes','yes','no','no','http://eastridgerobotics.org/');
INSERT INTO "Scouting2016_team" VALUES(37,3173,'Organized','Yes. Very friendly','Drive over defenses (static and low bar, maybe shoot)','Deans list, judges award, Secy imagery award, creativity industrial','yes','','2010','no','yes','no','yes','yes','no','yes','yes','yes','yes','yes','yes','yes','no','yes','no','no','http://www.igknighters.com/');
INSERT INTO "Scouting2016_team" VALUES(38,3181,'Mostly organized, looked like lacking in resources','Very open','Break defenses, maybe defense and High goal','','yes','','2010','no','yes','yes','yes','yes','no','no','yes','yes','yes','yes','yes','yes','yes','no','no','no','http://www.pittsfordrobotics.org/');
INSERT INTO "Scouting2016_team" VALUES(39,3799,'Organized, even had a tool wall','Very open and nice','Go to and cross defenses','Rookie award 2010','yes','Maybe portcullis, can do one way drawbridge and maybe sally port','2011','no','yes','no','yes','yes','no','yes','yes','yes','no','yes','yes','yes','no','yes','no','no','NA');
INSERT INTO "Scouting2016_team" VALUES(40,3838,'','','Cross defenses , if in front of low bar, can do low goal','','yes','Not sally or drawbridge alone, untested scaling','2011','no','yes','no','yes','yes','no','yes','yes','yes','yes','yes','yes','yes','no','no','no','no','http://www.RocCityRobotix.org');
INSERT INTO "Scouting2016_team" VALUES(41,3951,'','','Crosses defenses ','2012 finger lakes winner','yes','','2012','no','yes','no','yes','yes','no','yes','yes','yes','yes','yes','yes','yes','no','yes','no','no','HoneoyeRobotics.org');
INSERT INTO "Scouting2016_team" VALUES(42,4023,'','','','','','','2012','2','no','no','no','no','no','no','no','no','no','no','no','no','no','no','no','no','NA');
INSERT INTO "Scouting2016_team" VALUES(43,4093,'','','Cross defenses (b or d)','','yes','Sally port draw bridge with help','2012','no','yes','yes','yes','no','no','yes','yes','yes','no','yes','yes','yes','no','no','no','no','http://JoesAverageSlackers.com/');
INSERT INTO "Scouting2016_team" VALUES(44,4930,'','','Driving based defenses','Twice rookie all star, highest rookie seed, won buckeye last year','yes','','2014','no','yes','yes','yes','yes','yes','yes','yes','yes','yes','yes','yes','yes','yes','yes','no','no','http://robotics.nicholsschool.org/');
INSERT INTO "Scouting2016_team" VALUES(45,5030,'','Shooed me away, no reason why','Most defenses, high goal','Winner of 2016 new york','yes','','2014','no','yes','yes','yes','yes','yes','yes','yes','yes','yes','no','no','yes','yes','yes','no','no','www.team5030.com');
INSERT INTO "Scouting2016_team" VALUES(46,5254,'','','Crossing defenses, might add more','Finalist at tech valley, industrial design','yes','','2014','no','yes','yes','yes','yes','no','yes','yes','yes','yes','yes','yes','yes','yes','no','no','no','frc5254.com');
INSERT INTO "Scouting2016_team" VALUES(47,5349,'','','','','','','2014','2','no','no','no','no','no','no','no','no','no','no','no','no','no','no','no','no','NA');
INSERT INTO "Scouting2016_team" VALUES(48,5433,'','','Back up to outer works, add more later','Rookie inspiration last year','yes','','2015','no','yes','no','yes','no','no','yes','yes','yes','no','no','yes','yes','no','no','no','no','NA');
INSERT INTO "Scouting2016_team" VALUES(49,5590,'','','Multiple programs , high & low','Highest rookie seed last year','yes','','2015','no','yes','yes','yes','yes','yes','yes','yes','yes','yes','yes','yes','yes','yes','no','no','no','www.sjcialumiboti.com');
INSERT INTO "Scouting2016_team" VALUES(50,5240,'','','','','','','2014','','no','no','no','no','no','no','no','no','no','no','no','no','no','no','no','no','NA');
CREATE TABLE "Scouting2016_teamcomments" ("id" integer NOT NULL PRIMARY KEY AUTOINCREMENT, "comment" varchar(1000) NOT NULL, "team_id" integer NOT NULL REFERENCES "Scouting2016_team" ("id"));
INSERT INTO "Scouting2016_teamcomments" VALUES(1,'',1);
INSERT INTO "Scouting2016_teamcomments" VALUES(2,'Good batter shooter, 4 goals',31);
INSERT INTO "Scouting2016_teamcomments" VALUES(3,'TV - Ranked 7, Picked by #2 Captain (which is made up of a bunch of other team 20 kids)',1);
INSERT INTO "Scouting2016_teamcomments" VALUES(4,'TV - Mostly low goal and breach, shot high once during eliminations',1);
INSERT INTO "Scouting2016_teamcomments" VALUES(5,'TV - Ranked #2, NOT picked by #1',46);
INSERT INTO "Scouting2016_teamcomments" VALUES(6,'TV - Finalists',46);
INSERT INTO "Scouting2016_teamcomments" VALUES(7,'TV - Consistent high goal shooter - Shoots from the batter, right against the wall',46);
INSERT INTO "Scouting2016_teamcomments" VALUES(8,'TV - Picked by #7 Alliance',33);
INSERT INTO "Scouting2016_teamcomments" VALUES(9,'TV - Picked 12th overall',19);
INSERT INTO "Scouting2016_teamcomments" VALUES(10,'TV - Drove like GARBAGE.  Did not look good in the elims',19);
INSERT INTO "Scouting2016_teamcomments" VALUES(11,'TV - Ranked 9th',31);
INSERT INTO "Scouting2016_teamcomments" VALUES(12,'TV - Lost in semifinals',31);
INSERT INTO "Scouting2016_teamcomments" VALUES(13,'TV - Consistent with no defense.  Noticed they have to shoot NOT kissing the wall, i.e. drive on the batter and roll against the stop.  Cannot shoot if kissing',31);
INSERT INTO "Scouting2016_teamcomments" VALUES(14,'TV - Fell apart with defense.  They defender simply pushed/pinned them against the wall, they were too close for the catapult to work',31);
INSERT INTO "Scouting2016_teamcomments" VALUES(15,'TV - Bad at playing defense, drew multiple fouls.  In one elim match they touched all three robots with 20 seconds left, so they were awarded 3 hangs',31);
INSERT INTO "Scouting2016_teamcomments" VALUES(16,'TV - HUGE wheels (2 13-inch in the back, 2 custom made omni wheels in the front)',43);
INSERT INTO "Scouting2016_teamcomments" VALUES(17,'TV - Would overdraw current when going over some defenses, causing the roboRIO to restart',43);
INSERT INTO "Scouting2016_teamcomments" VALUES(18,'TV - NOT PICKED',43);
INSERT INTO "Scouting2016_teamcomments" VALUES(19,'TV - I took no notes on this team.  That is most likely not a good sign',23);
INSERT INTO "Scouting2016_teamcomments" VALUES(20,'May have high goal.',37);
INSERT INTO "Scouting2016_teamcomments" VALUES(21,'Defense against high goal is easy as they shoot from the front of the courtyard.',29);
INSERT INTO "Scouting2016_teamcomments" VALUES(22,'Falls overy on rock wall.',22);
INSERT INTO "Scouting2016_teamcomments" VALUES(23,'Occasionally loses tank treads',39);
INSERT INTO "Scouting2016_teamcomments" VALUES(24,'Given yellow card, not competing in 38',31);
CREATE TABLE "Scouting2016_teampictures" ("id" integer NOT NULL PRIMARY KEY AUTOINCREMENT, "path" varchar(1000) NOT NULL, "team_id" integer NOT NULL REFERENCES "Scouting2016_team" ("id"));
INSERT INTO "Scouting2016_teampictures" VALUES(3,'Scouting2016/robot_pics/250_0.jpg',5);
INSERT INTO "Scouting2016_teampictures" VALUES(4,'Scouting2016/robot_pics/3044_0.jpg',35);
INSERT INTO "Scouting2016_teampictures" VALUES(5,'Scouting2016/robot_pics/1665_0.jpg',23);
INSERT INTO "Scouting2016_teampictures" VALUES(6,'Scouting2016/robot_pics/1450_0.jpg',15);
INSERT INTO "Scouting2016_teampictures" VALUES(7,'Scouting2016/robot_pics/1551_0.jpg',19);
INSERT INTO "Scouting2016_teampictures" VALUES(8,'Scouting2016/robot_pics/1551_1.jpg',19);
INSERT INTO "Scouting2016_teampictures" VALUES(9,'Scouting2016/robot_pics/3003_0.jpg',33);
INSERT INTO "Scouting2016_teampictures" VALUES(10,'Scouting2016/robot_pics/5254_0.jpg',46);
INSERT INTO "Scouting2016_teampictures" VALUES(15,'Scouting2016/robot_pics/174_0.jpg',3);
CREATE TABLE "auth_group" ("id" integer NOT NULL PRIMARY KEY AUTOINCREMENT, "name" varchar(80) NOT NULL UNIQUE);
INSERT INTO "auth_group" VALUES(1,'Scouts');
INSERT INTO "auth_group" VALUES(2,'ScoutMaster');
INSERT INTO "auth_group" VALUES(3,'WebsiteManager');
CREATE TABLE "auth_group_permissions" ("id" integer NOT NULL PRIMARY KEY AUTOINCREMENT, "group_id" integer NOT NULL REFERENCES "auth_group" ("id"), "permission_id" integer NOT NULL REFERENCES "auth_permission" ("id"), UNIQUE ("group_id", "permission_id"));
INSERT INTO "auth_group_permissions" VALUES(1,1,37);
INSERT INTO "auth_group_permissions" VALUES(2,2,37);
INSERT INTO "auth_group_permissions" VALUES(3,3,37);
INSERT INTO "auth_group_permissions" VALUES(4,2,38);
CREATE TABLE "auth_permission" ("id" integer NOT NULL PRIMARY KEY AUTOINCREMENT, "content_type_id" integer NOT NULL REFERENCES "django_content_type" ("id"), "codename" varchar(100) NOT NULL, "name" varchar(255) NOT NULL, UNIQUE ("content_type_id", "codename"));
INSERT INTO "auth_permission" VALUES(1,1,'add_logentry','Can add log entry');
INSERT INTO "auth_permission" VALUES(2,1,'change_logentry','Can change log entry');
INSERT INTO "auth_permission" VALUES(3,1,'delete_logentry','Can delete log entry');
INSERT INTO "auth_permission" VALUES(4,2,'add_permission','Can add permission');
INSERT INTO "auth_permission" VALUES(5,2,'change_permission','Can change permission');
INSERT INTO "auth_permission" VALUES(6,2,'delete_permission','Can delete permission');
INSERT INTO "auth_permission" VALUES(7,3,'add_group','Can add group');
INSERT INTO "auth_permission" VALUES(8,3,'change_group','Can change group');
INSERT INTO "auth_permission" VALUES(9,3,'delete_group','Can delete group');
INSERT INTO "auth_permission" VALUES(10,4,'add_user','Can add user');
INSERT INTO "auth_permission" VALUES(11,4,'change_user','Can change user');
INSERT INTO "auth_permission" VALUES(12,4,'delete_user','Can delete user');
INSERT INTO "auth_permission" VALUES(13,5,'add_contenttype','Can add content type');
INSERT INTO "auth_permission" VALUES(14,5,'change_contenttype','Can change content type');
INSERT INTO "auth_permission" VALUES(15,5,'delete_contenttype','Can delete content type');
INSERT INTO "auth_permission" VALUES(16,6,'add_session','Can add session');
INSERT INTO "auth_permission" VALUES(17,6,'change_session','Can change session');
INSERT INTO "auth_permission" VALUES(18,6,'delete_session','Can delete session');
INSERT INTO "auth_permission" VALUES(19,7,'add_match','Can add match');
INSERT INTO "auth_permission" VALUES(20,7,'change_match','Can change match');
INSERT INTO "auth_permission" VALUES(21,7,'delete_match','Can delete match');
INSERT INTO "auth_permission" VALUES(22,8,'add_team','Can add team');
INSERT INTO "auth_permission" VALUES(23,8,'change_team','Can change team');
INSERT INTO "auth_permission" VALUES(24,8,'delete_team','Can delete team');
INSERT INTO "auth_permission" VALUES(25,9,'add_teamcomments','Can add team comments');
INSERT INTO "auth_permission" VALUES(26,9,'change_teamcomments','Can change team comments');
INSERT INTO "auth_permission" VALUES(27,9,'delete_teamcomments','Can delete team comments');
INSERT INTO "auth_permission" VALUES(28,10,'add_teampictures','Can add team pictures');
INSERT INTO "auth_permission" VALUES(29,10,'change_teampictures','Can change team pictures');
INSERT INTO "auth_permission" VALUES(30,10,'delete_teampictures','Can delete team pictures');
INSERT INTO "auth_permission" VALUES(31,11,'add_officialmatch','Can add official match');
INSERT INTO "auth_permission" VALUES(32,11,'change_officialmatch','Can change official match');
INSERT INTO "auth_permission" VALUES(33,11,'delete_officialmatch','Can delete official match');
INSERT INTO "auth_permission" VALUES(34,12,'add_scoreresult','Can add score result');
INSERT INTO "auth_permission" VALUES(35,12,'change_scoreresult','Can change score result');
INSERT INTO "auth_permission" VALUES(36,12,'delete_scoreresult','Can delete score result');
INSERT INTO "auth_permission" VALUES(37,4,'can_modify_model','Can Add/Edit Matches');
INSERT INTO "auth_permission" VALUES(38,4,'can_add_pictures','Can Add Pictures');
CREATE TABLE "auth_user" ("id" integer NOT NULL PRIMARY KEY AUTOINCREMENT, "password" varchar(128) NOT NULL, "last_login" datetime NULL, "is_superuser" bool NOT NULL, "first_name" varchar(30) NOT NULL, "last_name" varchar(30) NOT NULL, "email" varchar(254) NOT NULL, "is_staff" bool NOT NULL, "is_active" bool NOT NULL, "date_joined" datetime NOT NULL, "username" varchar(30) NOT NULL UNIQUE);
INSERT INTO "auth_user" VALUES(1,'pbkdf2_sha256$24000$tqpJPsy9DRGa$4Hq9wZ96CaTwA+8gSifcRFgZ25IF6k6VWdwQjLfwbhg=','2016-03-24 23:58:46.129593',0,'','','',0,1,'2016-03-19 02:52:04.565000','pjreiniger');
INSERT INTO "auth_user" VALUES(2,'pbkdf2_sha256$24000$YcSDFB7Pi0ng$oVdhHM8sbcB0mUgz1zR3g1Aw9WA9/aAkWKXFVBLmtL8=','2016-03-25 16:58:05.473692',0,'','','',0,1,'2016-03-19 02:52:05.469000','scoutmaster');
INSERT INTO "auth_user" VALUES(3,'pbkdf2_sha256$24000$lkNYuPJz080I$wpJi0AD/nWdGQsBF8n8RpwciqZmIWxEfZfXgRyJxEt8=','2016-03-25 18:37:20.450085',0,'','','',0,1,'2016-03-19 02:52:06.092000','scout');
INSERT INTO "auth_user" VALUES(4,'pbkdf2_sha256$20000$WW3tLrRkg10U$vcJD6bUX9dGJQpqBOsnQWALeU28yTWatUtBVgMESsso=',NULL,0,'','','',0,1,'2016-03-19 02:52:06.622000','guest');
CREATE TABLE "auth_user_groups" ("id" integer NOT NULL PRIMARY KEY AUTOINCREMENT, "user_id" integer NOT NULL REFERENCES "auth_user" ("id"), "group_id" integer NOT NULL REFERENCES "auth_group" ("id"), UNIQUE ("user_id", "group_id"));
INSERT INTO "auth_user_groups" VALUES(1,1,1);
INSERT INTO "auth_user_groups" VALUES(2,1,2);
INSERT INTO "auth_user_groups" VALUES(3,1,3);
INSERT INTO "auth_user_groups" VALUES(4,2,1);
INSERT INTO "auth_user_groups" VALUES(5,2,2);
INSERT INTO "auth_user_groups" VALUES(6,3,1);
CREATE TABLE "auth_user_user_permissions" ("id" integer NOT NULL PRIMARY KEY AUTOINCREMENT, "user_id" integer NOT NULL REFERENCES "auth_user" ("id"), "permission_id" integer NOT NULL REFERENCES "auth_permission" ("id"), UNIQUE ("user_id", "permission_id"));
CREATE TABLE "django_admin_log" ("id" integer NOT NULL PRIMARY KEY AUTOINCREMENT, "object_id" text NULL, "object_repr" varchar(200) NOT NULL, "action_flag" smallint unsigned NOT NULL, "change_message" text NOT NULL, "content_type_id" integer NULL REFERENCES "django_content_type" ("id"), "user_id" integer NOT NULL REFERENCES "auth_user" ("id"), "action_time" datetime NOT NULL);
CREATE TABLE "django_content_type" ("id" integer NOT NULL PRIMARY KEY AUTOINCREMENT, "app_label" varchar(100) NOT NULL, "model" varchar(100) NOT NULL, UNIQUE ("app_label", "model"));
INSERT INTO "django_content_type" VALUES(1,'admin','logentry');
INSERT INTO "django_content_type" VALUES(2,'auth','permission');
INSERT INTO "django_content_type" VALUES(3,'auth','group');
INSERT INTO "django_content_type" VALUES(4,'auth','user');
INSERT INTO "django_content_type" VALUES(5,'contenttypes','contenttype');
INSERT INTO "django_content_type" VALUES(6,'sessions','session');
INSERT INTO "django_content_type" VALUES(7,'Scouting2016','match');
INSERT INTO "django_content_type" VALUES(8,'Scouting2016','team');
INSERT INTO "django_content_type" VALUES(9,'Scouting2016','teamcomments');
INSERT INTO "django_content_type" VALUES(10,'Scouting2016','teampictures');
INSERT INTO "django_content_type" VALUES(11,'Scouting2016','officialmatch');
INSERT INTO "django_content_type" VALUES(12,'Scouting2016','scoreresult');
CREATE TABLE "django_migrations" ("id" integer NOT NULL PRIMARY KEY AUTOINCREMENT, "app" varchar(255) NOT NULL, "name" varchar(255) NOT NULL, "applied" datetime NOT NULL);
INSERT INTO "django_migrations" VALUES(1,'Scouting2016','0001_initial','2016-03-19 02:15:50.797000');
INSERT INTO "django_migrations" VALUES(2,'Scouting2016','0002_auto_20160310_2312','2016-03-19 02:15:51.079000');
INSERT INTO "django_migrations" VALUES(3,'Scouting2016','0003_auto_20160312_1100','2016-03-19 02:15:51.418000');
INSERT INTO "django_migrations" VALUES(4,'Scouting2016','0004_auto_20160312_1100','2016-03-19 02:15:51.723000');
INSERT INTO "django_migrations" VALUES(5,'contenttypes','0001_initial','2016-03-19 02:15:51.917000');
INSERT INTO "django_migrations" VALUES(6,'auth','0001_initial','2016-03-19 02:15:52.215000');
INSERT INTO "django_migrations" VALUES(7,'admin','0001_initial','2016-03-19 02:15:52.444000');
INSERT INTO "django_migrations" VALUES(8,'contenttypes','0002_remove_content_type_name','2016-03-19 02:15:52.768000');
INSERT INTO "django_migrations" VALUES(9,'auth','0002_alter_permission_name_max_length','2016-03-19 02:15:53.017000');
INSERT INTO "django_migrations" VALUES(10,'auth','0003_alter_user_email_max_length','2016-03-19 02:15:53.240000');
INSERT INTO "django_migrations" VALUES(11,'auth','0004_alter_user_username_opts','2016-03-19 02:15:53.492000');
INSERT INTO "django_migrations" VALUES(12,'auth','0005_alter_user_last_login_null','2016-03-19 02:15:53.747000');
INSERT INTO "django_migrations" VALUES(13,'auth','0006_require_contenttypes_0002','2016-03-19 02:15:53.834000');
INSERT INTO "django_migrations" VALUES(14,'sessions','0001_initial','2016-03-19 02:15:54.028000');
INSERT INTO "django_migrations" VALUES(15,'Scouting2016','0005_auto_20160319_1850','2016-03-20 05:05:11.420702');
INSERT INTO "django_migrations" VALUES(16,'Scouting2016','0006_remove_team_homepage','2016-03-20 05:05:11.447875');
INSERT INTO "django_migrations" VALUES(17,'Scouting2016','0007_remove_team_teamally174','2016-03-20 05:05:11.472188');
INSERT INTO "django_migrations" VALUES(18,'Scouting2016','0008_team_teamally174','2016-03-20 05:05:11.495949');
INSERT INTO "django_migrations" VALUES(19,'Scouting2016','0009_auto_20160319_2143','2016-03-20 05:05:11.753680');
INSERT INTO "django_migrations" VALUES(20,'Scouting2016','0010_team_teamalliances','2016-03-20 05:05:11.781471');
INSERT INTO "django_migrations" VALUES(21,'Scouting2016','0011_auto_20160319_2205','2016-03-20 05:05:11.832752');
INSERT INTO "django_migrations" VALUES(22,'Scouting2016','0012_team_bookmark','2016-03-20 05:05:11.858701');
INSERT INTO "django_migrations" VALUES(23,'Scouting2016','0013_auto_20160319_2318','2016-03-20 05:05:11.909868');
INSERT INTO "django_migrations" VALUES(24,'Scouting2016','0014_auto_20160319_2319','2016-03-20 05:05:11.939682');
INSERT INTO "django_migrations" VALUES(25,'Scouting2016','0015_auto_20160319_2358','2016-03-20 05:05:11.965641');
INSERT INTO "django_migrations" VALUES(26,'admin','0002_logentry_remove_auto_add','2016-03-20 05:05:12.019466');
INSERT INTO "django_migrations" VALUES(27,'auth','0007_alter_validators_add_error_messages','2016-03-20 05:05:12.116306');
INSERT INTO "django_migrations" VALUES(28,'Scouting2016','0016_auto_20160320_0044','2016-03-20 13:38:10.050000');
INSERT INTO "django_migrations" VALUES(29,'Scouting2016','0017_auto_20160320_0047','2016-03-20 13:38:10.097000');
INSERT INTO "django_migrations" VALUES(30,'Scouting2016','0018_team_teamhomepage','2016-03-20 13:41:18.890000');
CREATE TABLE "django_session" ("session_key" varchar(40) NOT NULL PRIMARY KEY, "session_data" text NOT NULL, "expire_date" datetime NOT NULL);
INSERT INTO "django_session" VALUES('pv5041xlngtsntdm3erv8oyyez2u2d43','MDkxNjU2YWU0NTFmOGFmMWQxMmUxOWE1ZTcyZDcxMzRmOGY5ODNmNzp7Il9hdXRoX3VzZXJfaGFzaCI6IjNkMTVhMDRlODJlMTIyYWE3YTNiNjA4NmI1ZTdiYjk2ZTA0OTQxOGIiLCJfYXV0aF91c2VyX2JhY2tlbmQiOiJkamFuZ28uY29udHJpYi5hdXRoLmJhY2tlbmRzLk1vZGVsQmFja2VuZCIsIl9hdXRoX3VzZXJfaWQiOiIxIn0=','2016-04-02 02:52:08.804000');
INSERT INTO "django_session" VALUES('dzjmpom98kbz7ihmrcdbmdtf21hjzevn','MTQ0YmU1OTliNzZiYjUyZDZlNzczYmU4NTg5MDZmMzRhNDFiN2M2Nzp7Il9hdXRoX3VzZXJfaGFzaCI6ImI4OGJlZmNhMWVkNjY0NGIwZTkzMTgxMzEzY2MxZTBkY2QyMTc1NzUiLCJfYXV0aF91c2VyX2JhY2tlbmQiOiJkamFuZ28uY29udHJpYi5hdXRoLmJhY2tlbmRzLk1vZGVsQmFja2VuZCIsIl9hdXRoX3VzZXJfaWQiOiIzIn0=','2016-04-03 05:29:20.094531');
INSERT INTO "django_session" VALUES('4ylua7iqy3kfo7wgtzoe1co2lszdvy8v','MDkxNjU2YWU0NTFmOGFmMWQxMmUxOWE1ZTcyZDcxMzRmOGY5ODNmNzp7Il9hdXRoX3VzZXJfaGFzaCI6IjNkMTVhMDRlODJlMTIyYWE3YTNiNjA4NmI1ZTdiYjk2ZTA0OTQxOGIiLCJfYXV0aF91c2VyX2JhY2tlbmQiOiJkamFuZ28uY29udHJpYi5hdXRoLmJhY2tlbmRzLk1vZGVsQmFja2VuZCIsIl9hdXRoX3VzZXJfaWQiOiIxIn0=','2016-04-03 23:05:22.807000');
INSERT INTO "django_session" VALUES('dovod5zun4nubu3qqxhx06k4k1eljczc','MGVmZTM4MGJmNWQ3MmUzN2E1OTM2MjEyMGEzNzZmOTI3YTFmMTE5ZDp7Il9hdXRoX3VzZXJfaGFzaCI6IjY1MjZkYjI2Mzk0NTRjOTE0Yjg2ODU2YjBkZjY3NmYwMzNiZWMwYzkiLCJfYXV0aF91c2VyX2JhY2tlbmQiOiJkamFuZ28uY29udHJpYi5hdXRoLmJhY2tlbmRzLk1vZGVsQmFja2VuZCIsIl9hdXRoX3VzZXJfaWQiOiIxIn0=','2016-04-07 12:56:29.280742');
INSERT INTO "django_session" VALUES('milvgti2zhgm648jk5cckdtijs33dv02','ZmMxYmYwZWNkMjZkODg2MWNhODM0YmQwZjA0N2VjMTBlMDFiNTg2Nzp7Il9hdXRoX3VzZXJfaGFzaCI6IjZmOGJlYTFkNGY0MTE5MjRhNDJhOTcyMzU4M2E3MTU3NDk3YjVlNjgiLCJfYXV0aF91c2VyX2JhY2tlbmQiOiJkamFuZ28uY29udHJpYi5hdXRoLmJhY2tlbmRzLk1vZGVsQmFja2VuZCIsIl9hdXRoX3VzZXJfaWQiOiIyIn0=','2016-04-07 13:11:27.912600');
INSERT INTO "django_session" VALUES('fgg7zin0wixk6us7xokxyipni32wu1iy','MTQ0YmU1OTliNzZiYjUyZDZlNzczYmU4NTg5MDZmMzRhNDFiN2M2Nzp7Il9hdXRoX3VzZXJfaGFzaCI6ImI4OGJlZmNhMWVkNjY0NGIwZTkzMTgxMzEzY2MxZTBkY2QyMTc1NzUiLCJfYXV0aF91c2VyX2JhY2tlbmQiOiJkamFuZ28uY29udHJpYi5hdXRoLmJhY2tlbmRzLk1vZGVsQmFja2VuZCIsIl9hdXRoX3VzZXJfaWQiOiIzIn0=','2016-04-07 13:20:06.695677');
INSERT INTO "django_session" VALUES('iizesm8cvi32repycdzo0ovt85r3lbfq','MTQ0YmU1OTliNzZiYjUyZDZlNzczYmU4NTg5MDZmMzRhNDFiN2M2Nzp7Il9hdXRoX3VzZXJfaGFzaCI6ImI4OGJlZmNhMWVkNjY0NGIwZTkzMTgxMzEzY2MxZTBkY2QyMTc1NzUiLCJfYXV0aF91c2VyX2JhY2tlbmQiOiJkamFuZ28uY29udHJpYi5hdXRoLmJhY2tlbmRzLk1vZGVsQmFja2VuZCIsIl9hdXRoX3VzZXJfaWQiOiIzIn0=','2016-04-07 13:20:07.703952');
INSERT INTO "django_session" VALUES('v9elp0qvrdytzdg1cs26zs0rzce17s1p','MTQ0YmU1OTliNzZiYjUyZDZlNzczYmU4NTg5MDZmMzRhNDFiN2M2Nzp7Il9hdXRoX3VzZXJfaGFzaCI6ImI4OGJlZmNhMWVkNjY0NGIwZTkzMTgxMzEzY2MxZTBkY2QyMTc1NzUiLCJfYXV0aF91c2VyX2JhY2tlbmQiOiJkamFuZ28uY29udHJpYi5hdXRoLmJhY2tlbmRzLk1vZGVsQmFja2VuZCIsIl9hdXRoX3VzZXJfaWQiOiIzIn0=','2016-04-07 13:46:38.424782');
INSERT INTO "django_session" VALUES('aovx2a3yh0srb5p6gms2c8rnvcaddxb3','MGVmZTM4MGJmNWQ3MmUzN2E1OTM2MjEyMGEzNzZmOTI3YTFmMTE5ZDp7Il9hdXRoX3VzZXJfaGFzaCI6IjY1MjZkYjI2Mzk0NTRjOTE0Yjg2ODU2YjBkZjY3NmYwMzNiZWMwYzkiLCJfYXV0aF91c2VyX2JhY2tlbmQiOiJkamFuZ28uY29udHJpYi5hdXRoLmJhY2tlbmRzLk1vZGVsQmFja2VuZCIsIl9hdXRoX3VzZXJfaWQiOiIxIn0=','2016-04-07 23:58:46.138655');
INSERT INTO "django_session" VALUES('xp0htm13k13qja87xrtjxm8wbgjfh13o','MTQ0YmU1OTliNzZiYjUyZDZlNzczYmU4NTg5MDZmMzRhNDFiN2M2Nzp7Il9hdXRoX3VzZXJfaGFzaCI6ImI4OGJlZmNhMWVkNjY0NGIwZTkzMTgxMzEzY2MxZTBkY2QyMTc1NzUiLCJfYXV0aF91c2VyX2JhY2tlbmQiOiJkamFuZ28uY29udHJpYi5hdXRoLmJhY2tlbmRzLk1vZGVsQmFja2VuZCIsIl9hdXRoX3VzZXJfaWQiOiIzIn0=','2016-04-08 05:03:46.382193');
INSERT INTO "django_session" VALUES('njqrh6k1skqlgrfy5kkpd9lmnfkz1cig','MTQ0YmU1OTliNzZiYjUyZDZlNzczYmU4NTg5MDZmMzRhNDFiN2M2Nzp7Il9hdXRoX3VzZXJfaGFzaCI6ImI4OGJlZmNhMWVkNjY0NGIwZTkzMTgxMzEzY2MxZTBkY2QyMTc1NzUiLCJfYXV0aF91c2VyX2JhY2tlbmQiOiJkamFuZ28uY29udHJpYi5hdXRoLmJhY2tlbmRzLk1vZGVsQmFja2VuZCIsIl9hdXRoX3VzZXJfaWQiOiIzIn0=','2016-04-08 12:13:39.425174');
INSERT INTO "django_session" VALUES('fr70u5qyj23y98zjvf8w33kvolnva7zi','MTQ0YmU1OTliNzZiYjUyZDZlNzczYmU4NTg5MDZmMzRhNDFiN2M2Nzp7Il9hdXRoX3VzZXJfaGFzaCI6ImI4OGJlZmNhMWVkNjY0NGIwZTkzMTgxMzEzY2MxZTBkY2QyMTc1NzUiLCJfYXV0aF91c2VyX2JhY2tlbmQiOiJkamFuZ28uY29udHJpYi5hdXRoLmJhY2tlbmRzLk1vZGVsQmFja2VuZCIsIl9hdXRoX3VzZXJfaWQiOiIzIn0=','2016-04-08 12:17:26.281229');
INSERT INTO "django_session" VALUES('3pk2kunzd31ehi6mhq0e92trnagpszwv','MTQ0YmU1OTliNzZiYjUyZDZlNzczYmU4NTg5MDZmMzRhNDFiN2M2Nzp7Il9hdXRoX3VzZXJfaGFzaCI6ImI4OGJlZmNhMWVkNjY0NGIwZTkzMTgxMzEzY2MxZTBkY2QyMTc1NzUiLCJfYXV0aF91c2VyX2JhY2tlbmQiOiJkamFuZ28uY29udHJpYi5hdXRoLmJhY2tlbmRzLk1vZGVsQmFja2VuZCIsIl9hdXRoX3VzZXJfaWQiOiIzIn0=','2016-04-08 12:17:32.515746');
INSERT INTO "django_session" VALUES('i9ic3dg52nd5unfkmcgha7zdjqvsyow5','MTQ0YmU1OTliNzZiYjUyZDZlNzczYmU4NTg5MDZmMzRhNDFiN2M2Nzp7Il9hdXRoX3VzZXJfaGFzaCI6ImI4OGJlZmNhMWVkNjY0NGIwZTkzMTgxMzEzY2MxZTBkY2QyMTc1NzUiLCJfYXV0aF91c2VyX2JhY2tlbmQiOiJkamFuZ28uY29udHJpYi5hdXRoLmJhY2tlbmRzLk1vZGVsQmFja2VuZCIsIl9hdXRoX3VzZXJfaWQiOiIzIn0=','2016-04-08 12:18:42.152036');
INSERT INTO "django_session" VALUES('b02esx1rn98thpkw156nxr9n07my0nkq','MTQ0YmU1OTliNzZiYjUyZDZlNzczYmU4NTg5MDZmMzRhNDFiN2M2Nzp7Il9hdXRoX3VzZXJfaGFzaCI6ImI4OGJlZmNhMWVkNjY0NGIwZTkzMTgxMzEzY2MxZTBkY2QyMTc1NzUiLCJfYXV0aF91c2VyX2JhY2tlbmQiOiJkamFuZ28uY29udHJpYi5hdXRoLmJhY2tlbmRzLk1vZGVsQmFja2VuZCIsIl9hdXRoX3VzZXJfaWQiOiIzIn0=','2016-04-08 12:28:51.121681');
INSERT INTO "django_session" VALUES('yltfdkpe51ffmixwxcw2rcx9bqz53wml','MTQ0YmU1OTliNzZiYjUyZDZlNzczYmU4NTg5MDZmMzRhNDFiN2M2Nzp7Il9hdXRoX3VzZXJfaGFzaCI6ImI4OGJlZmNhMWVkNjY0NGIwZTkzMTgxMzEzY2MxZTBkY2QyMTc1NzUiLCJfYXV0aF91c2VyX2JhY2tlbmQiOiJkamFuZ28uY29udHJpYi5hdXRoLmJhY2tlbmRzLk1vZGVsQmFja2VuZCIsIl9hdXRoX3VzZXJfaWQiOiIzIn0=','2016-04-08 12:34:30.725153');
INSERT INTO "django_session" VALUES('nolc83ai19ep84ps17z158gse29vuatg','MTQ0YmU1OTliNzZiYjUyZDZlNzczYmU4NTg5MDZmMzRhNDFiN2M2Nzp7Il9hdXRoX3VzZXJfaGFzaCI6ImI4OGJlZmNhMWVkNjY0NGIwZTkzMTgxMzEzY2MxZTBkY2QyMTc1NzUiLCJfYXV0aF91c2VyX2JhY2tlbmQiOiJkamFuZ28uY29udHJpYi5hdXRoLmJhY2tlbmRzLk1vZGVsQmFja2VuZCIsIl9hdXRoX3VzZXJfaWQiOiIzIn0=','2016-04-08 13:09:13.629741');
INSERT INTO "django_session" VALUES('2w4mlx1ijqgewty3h5tzjegl2lpjrgoh','MTQ0YmU1OTliNzZiYjUyZDZlNzczYmU4NTg5MDZmMzRhNDFiN2M2Nzp7Il9hdXRoX3VzZXJfaGFzaCI6ImI4OGJlZmNhMWVkNjY0NGIwZTkzMTgxMzEzY2MxZTBkY2QyMTc1NzUiLCJfYXV0aF91c2VyX2JhY2tlbmQiOiJkamFuZ28uY29udHJpYi5hdXRoLmJhY2tlbmRzLk1vZGVsQmFja2VuZCIsIl9hdXRoX3VzZXJfaWQiOiIzIn0=','2016-04-08 13:10:01.462878');
INSERT INTO "django_session" VALUES('xjhycxrcfbtxbiwflsj44kmu95d2s7qu','MTQ0YmU1OTliNzZiYjUyZDZlNzczYmU4NTg5MDZmMzRhNDFiN2M2Nzp7Il9hdXRoX3VzZXJfaGFzaCI6ImI4OGJlZmNhMWVkNjY0NGIwZTkzMTgxMzEzY2MxZTBkY2QyMTc1NzUiLCJfYXV0aF91c2VyX2JhY2tlbmQiOiJkamFuZ28uY29udHJpYi5hdXRoLmJhY2tlbmRzLk1vZGVsQmFja2VuZCIsIl9hdXRoX3VzZXJfaWQiOiIzIn0=','2016-04-08 14:20:08.704593');
INSERT INTO "django_session" VALUES('l5kmfi3fxazavy6t2wvpxc8kqbj3eyun','MTQ0YmU1OTliNzZiYjUyZDZlNzczYmU4NTg5MDZmMzRhNDFiN2M2Nzp7Il9hdXRoX3VzZXJfaGFzaCI6ImI4OGJlZmNhMWVkNjY0NGIwZTkzMTgxMzEzY2MxZTBkY2QyMTc1NzUiLCJfYXV0aF91c2VyX2JhY2tlbmQiOiJkamFuZ28uY29udHJpYi5hdXRoLmJhY2tlbmRzLk1vZGVsQmFja2VuZCIsIl9hdXRoX3VzZXJfaWQiOiIzIn0=','2016-04-08 14:51:17.355789');
INSERT INTO "django_session" VALUES('f1z8ywmb2pqaaeqnk89wtijxlc0n7kuj','ZmMxYmYwZWNkMjZkODg2MWNhODM0YmQwZjA0N2VjMTBlMDFiNTg2Nzp7Il9hdXRoX3VzZXJfaGFzaCI6IjZmOGJlYTFkNGY0MTE5MjRhNDJhOTcyMzU4M2E3MTU3NDk3YjVlNjgiLCJfYXV0aF91c2VyX2JhY2tlbmQiOiJkamFuZ28uY29udHJpYi5hdXRoLmJhY2tlbmRzLk1vZGVsQmFja2VuZCIsIl9hdXRoX3VzZXJfaWQiOiIyIn0=','2016-04-08 16:58:05.480825');
INSERT INTO "django_session" VALUES('uqwzyurq4793jualo7u9r5701z8jupx2','MTQ0YmU1OTliNzZiYjUyZDZlNzczYmU4NTg5MDZmMzRhNDFiN2M2Nzp7Il9hdXRoX3VzZXJfaGFzaCI6ImI4OGJlZmNhMWVkNjY0NGIwZTkzMTgxMzEzY2MxZTBkY2QyMTc1NzUiLCJfYXV0aF91c2VyX2JhY2tlbmQiOiJkamFuZ28uY29udHJpYi5hdXRoLmJhY2tlbmRzLk1vZGVsQmFja2VuZCIsIl9hdXRoX3VzZXJfaWQiOiIzIn0=','2016-04-08 16:58:55.781203');
INSERT INTO "django_session" VALUES('6wkf4dqyzcqeautyq8qok78woeyybmeg','MTQ0YmU1OTliNzZiYjUyZDZlNzczYmU4NTg5MDZmMzRhNDFiN2M2Nzp7Il9hdXRoX3VzZXJfaGFzaCI6ImI4OGJlZmNhMWVkNjY0NGIwZTkzMTgxMzEzY2MxZTBkY2QyMTc1NzUiLCJfYXV0aF91c2VyX2JhY2tlbmQiOiJkamFuZ28uY29udHJpYi5hdXRoLmJhY2tlbmRzLk1vZGVsQmFja2VuZCIsIl9hdXRoX3VzZXJfaWQiOiIzIn0=','2016-04-08 17:14:57.514231');
INSERT INTO "django_session" VALUES('u5ag8pm8vy061t8hq9tg1w6uu5cbqvne','MTQ0YmU1OTliNzZiYjUyZDZlNzczYmU4NTg5MDZmMzRhNDFiN2M2Nzp7Il9hdXRoX3VzZXJfaGFzaCI6ImI4OGJlZmNhMWVkNjY0NGIwZTkzMTgxMzEzY2MxZTBkY2QyMTc1NzUiLCJfYXV0aF91c2VyX2JhY2tlbmQiOiJkamFuZ28uY29udHJpYi5hdXRoLmJhY2tlbmRzLk1vZGVsQmFja2VuZCIsIl9hdXRoX3VzZXJfaWQiOiIzIn0=','2016-04-08 17:16:09.145962');
INSERT INTO "django_session" VALUES('2aq4jyyeq7oh4yfryvqsd8b6le70z0ia','MTQ0YmU1OTliNzZiYjUyZDZlNzczYmU4NTg5MDZmMzRhNDFiN2M2Nzp7Il9hdXRoX3VzZXJfaGFzaCI6ImI4OGJlZmNhMWVkNjY0NGIwZTkzMTgxMzEzY2MxZTBkY2QyMTc1NzUiLCJfYXV0aF91c2VyX2JhY2tlbmQiOiJkamFuZ28uY29udHJpYi5hdXRoLmJhY2tlbmRzLk1vZGVsQmFja2VuZCIsIl9hdXRoX3VzZXJfaWQiOiIzIn0=','2016-04-08 18:37:20.473077');
DELETE FROM "sqlite_sequence";
INSERT INTO "sqlite_sequence" VALUES('Scouting2016_scoreresult',283);
INSERT INTO "sqlite_sequence" VALUES('django_migrations',30);
INSERT INTO "sqlite_sequence" VALUES('Scouting2016_officialmatch',82);
INSERT INTO "sqlite_sequence" VALUES('django_content_type',12);
INSERT INTO "sqlite_sequence" VALUES('auth_permission',38);
INSERT INTO "sqlite_sequence" VALUES('auth_group',3);
INSERT INTO "sqlite_sequence" VALUES('auth_group_permissions',4);
INSERT INTO "sqlite_sequence" VALUES('auth_user_groups',6);
INSERT INTO "sqlite_sequence" VALUES('Scouting2016_teampictures',15);
INSERT INTO "sqlite_sequence" VALUES('Scouting2016_teamcomments',24);
INSERT INTO "sqlite_sequence" VALUES('django_admin_log',0);
INSERT INTO "sqlite_sequence" VALUES('auth_user',4);
INSERT INTO "sqlite_sequence" VALUES('Scouting2016_team',50);
INSERT INTO "sqlite_sequence" VALUES('Scouting2016_match',63);
CREATE INDEX "Scouting2016_teamcomments_f6a7ca40" ON "Scouting2016_teamcomments" ("team_id");
CREATE INDEX "Scouting2016_teampictures_f6a7ca40" ON "Scouting2016_teampictures" ("team_id");
CREATE INDEX "Scouting2016_scoreresult_ff9c4e4a" ON "Scouting2016_scoreresult" ("match_id");
CREATE INDEX "Scouting2016_scoreresult_f6a7ca40" ON "Scouting2016_scoreresult" ("team_id");
CREATE INDEX "Scouting2016_officialmatch_a633d051" ON "Scouting2016_officialmatch" ("blueTeam1_id");
CREATE INDEX "Scouting2016_officialmatch_571e05a9" ON "Scouting2016_officialmatch" ("blueTeam2_id");
CREATE INDEX "Scouting2016_officialmatch_5c5d950f" ON "Scouting2016_officialmatch" ("blueTeam3_id");
CREATE INDEX "Scouting2016_officialmatch_348d5b7b" ON "Scouting2016_officialmatch" ("redTeam1_id");
CREATE INDEX "Scouting2016_officialmatch_dc652c6c" ON "Scouting2016_officialmatch" ("redTeam2_id");
CREATE INDEX "Scouting2016_officialmatch_d46c7368" ON "Scouting2016_officialmatch" ("redTeam3_id");
CREATE INDEX "auth_group_permissions_0e939a4f" ON "auth_group_permissions" ("group_id");
CREATE INDEX "auth_group_permissions_8373b171" ON "auth_group_permissions" ("permission_id");
CREATE INDEX "auth_user_groups_e8701ad4" ON "auth_user_groups" ("user_id");
CREATE INDEX "auth_user_groups_0e939a4f" ON "auth_user_groups" ("group_id");
CREATE INDEX "auth_user_user_permissions_e8701ad4" ON "auth_user_user_permissions" ("user_id");
CREATE INDEX "auth_user_user_permissions_8373b171" ON "auth_user_user_permissions" ("permission_id");
CREATE INDEX "auth_permission_417f1b1c" ON "auth_permission" ("content_type_id");
CREATE INDEX "django_session_de54fa62" ON "django_session" ("expire_date");
CREATE INDEX "django_admin_log_417f1b1c" ON "django_admin_log" ("content_type_id");
CREATE INDEX "django_admin_log_e8701ad4" ON "django_admin_log" ("user_id");
COMMIT;
